epitope,MIRA_entry_count,Patient_Count,Patient
FFSNVTWFH,114,41,"['ePD84', 'eHO136', 'eHO128', 'eJL149', 'eJL148', 'ePD83', 'eLH42', 'eHO132', 'eJL147', 'eHO125', 'eHO131', 'eLH41', 'eHO124', 'ePD85', 'ePD86', 'eHO130', 'eQD124', 'eQD123', 'ePD76', 'eQD137', 'eMR16', 'eMR20', 'eEE243', 'eHH173', 'eHH174', 'eHH169', 'eOX46', 'eHH170', 'eEE228', 'eEE226', 'eXL27', 'eQD115', 'eXL36', 'eXL37', 'eOX52', 'eLH47', 'eMR12', 'eLH46', 'eDH96', 'eLH54', 'eDH113']"
FLPFFSNVT,114,41,"['ePD84', 'eHO136', 'eHO128', 'eJL149', 'eJL148', 'ePD83', 'eLH42', 'eHO132', 'eJL147', 'eHO125', 'eHO131', 'eLH41', 'eHO124', 'ePD85', 'ePD86', 'eHO130', 'eQD124', 'eQD123', 'ePD76', 'eQD137', 'eMR16', 'eMR20', 'eEE243', 'eHH173', 'eHH174', 'eHH169', 'eOX46', 'eHH170', 'eEE228', 'eEE226', 'eXL27', 'eQD115', 'eXL36', 'eXL37', 'eOX52', 'eLH47', 'eMR12', 'eLH46', 'eDH96', 'eLH54', 'eDH113']"
LPFFSNVTW,114,41,"['ePD84', 'eHO136', 'eHO128', 'eJL149', 'eJL148', 'ePD83', 'eLH42', 'eHO132', 'eJL147', 'eHO125', 'eHO131', 'eLH41', 'eHO124', 'ePD85', 'ePD86', 'eHO130', 'eQD124', 'eQD123', 'ePD76', 'eQD137', 'eMR16', 'eMR20', 'eEE243', 'eHH173', 'eHH174', 'eHH169', 'eOX46', 'eHH170', 'eEE228', 'eEE226', 'eXL27', 'eQD115', 'eXL36', 'eXL37', 'eOX52', 'eLH47', 'eMR12', 'eLH46', 'eDH96', 'eLH54', 'eDH113']"
LPFFSNVTWF,114,41,"['ePD84', 'eHO136', 'eHO128', 'eJL149', 'eJL148', 'ePD83', 'eLH42', 'eHO132', 'eJL147', 'eHO125', 'eHO131', 'eLH41', 'eHO124', 'ePD85', 'ePD86', 'eHO130', 'eQD124', 'eQD123', 'ePD76', 'eQD137', 'eMR16', 'eMR20', 'eEE243', 'eHH173', 'eHH174', 'eHH169', 'eOX46', 'eHH170', 'eEE228', 'eEE226', 'eXL27', 'eQD115', 'eXL36', 'eXL37', 'eOX52', 'eLH47', 'eMR12', 'eLH46', 'eDH96', 'eLH54', 'eDH113']"
PFFSNVTWF,114,41,"['ePD84', 'eHO136', 'eHO128', 'eJL149', 'eJL148', 'ePD83', 'eLH42', 'eHO132', 'eJL147', 'eHO125', 'eHO131', 'eLH41', 'eHO124', 'ePD85', 'ePD86', 'eHO130', 'eQD124', 'eQD123', 'ePD76', 'eQD137', 'eMR16', 'eMR20', 'eEE243', 'eHH173', 'eHH174', 'eHH169', 'eOX46', 'eHH170', 'eEE228', 'eEE226', 'eXL27', 'eQD115', 'eXL36', 'eXL37', 'eOX52', 'eLH47', 'eMR12', 'eLH46', 'eDH96', 'eLH54', 'eDH113']"
SNVTWFHAI,114,41,"['ePD84', 'eHO136', 'eHO128', 'eJL149', 'eJL148', 'ePD83', 'eLH42', 'eHO132', 'eJL147', 'eHO125', 'eHO131', 'eLH41', 'eHO124', 'ePD85', 'ePD86', 'eHO130', 'eQD124', 'eQD123', 'ePD76', 'eQD137', 'eMR16', 'eMR20', 'eEE243', 'eHH173', 'eHH174', 'eHH169', 'eOX46', 'eHH170', 'eEE228', 'eEE226', 'eXL27', 'eQD115', 'eXL36', 'eXL37', 'eOX52', 'eLH47', 'eMR12', 'eLH46', 'eDH96', 'eLH54', 'eDH113']"
WPVTLACFVL,9,11,"['eOX43', 'eAV93', 'eOX46', 'eJL164', 'eHO130', 'eJL158', 'eHO140', 'eEE228', 'eEE240', 'eOX52', 'eOX49']"
FLWLLWPVT,9,11,"['eOX43', 'eAV93', 'eOX46', 'eJL164', 'eHO130', 'eJL158', 'eHO140', 'eEE228', 'eEE240', 'eOX52', 'eOX49']"
LWPVTLACF,9,11,"['eOX43', 'eAV93', 'eOX46', 'eJL164', 'eHO130', 'eJL158', 'eHO140', 'eEE228', 'eEE240', 'eOX52', 'eOX49']"
LWLLWPVTL,9,11,"['eOX43', 'eAV93', 'eOX46', 'eJL164', 'eHO130', 'eJL158', 'eHO140', 'eEE228', 'eEE240', 'eOX52', 'eOX49']"
FLWLLWPVTL,9,11,"['eOX43', 'eAV93', 'eOX46', 'eJL164', 'eHO130', 'eJL158', 'eHO140', 'eEE228', 'eEE240', 'eOX52', 'eOX49']"
TLACFVLAAV,9,11,"['eOX43', 'eAV93', 'eOX46', 'eJL164', 'eHO130', 'eJL158', 'eHO140', 'eEE228', 'eEE240', 'eOX52', 'eOX49']"
WLLWPVTLA,9,11,"['eOX43', 'eAV93', 'eOX46', 'eJL164', 'eHO130', 'eJL158', 'eHO140', 'eEE228', 'eEE240', 'eOX52', 'eOX49']"
QPTESIVRF,6,3,"['eXL30', 'eMR16', 'eXL27']"
TESIVRFPNI,6,3,"['eXL30', 'eMR16', 'eXL27']"
FPNITNLCPF,6,3,"['eXL30', 'eMR16', 'eXL27']"
RFPNITNLCPF,6,3,"['eXL30', 'eMR16', 'eXL27']"
VRFPNITNL,6,3,"['eXL30', 'eMR16', 'eXL27']"
VQPTESIVRF,6,3,"['eXL30', 'eMR16', 'eXL27']"
QPYRVVVL,2,2,"['eLH51', 'eEE226']"
FTNVYADSF,2,1,['eEE226']
TITSGWTFGAGAALQIPFA,2,1,['eAV100']
YTSALLAGTITSGWTFGAG,2,1,['eAV100']
FLYIIKLVFL,2,2,"['eEE240', 'eOX46']"
FLYIIKLIFL,2,2,"['eEE240', 'eOX46']"
YANRNRFLY,2,2,"['eHO135', 'eJL162']"
LQFAYANRNR,2,2,"['eHO135', 'eJL162']"
CFTNVYADSF,2,1,['eEE226']
KLNDLCFTNV,2,1,['eEE226']
FTNVYADSFV,2,1,['eEE226']
PYRVVVLSF,2,2,"['eLH51', 'eEE226']"
LNDLCFTNVY,2,1,['eEE226']
FAYANRNRF,2,2,"['eHO135', 'eJL162']"
QPYRVVVLSF,2,2,"['eLH51', 'eEE226']"
NVYADSFVIR,2,1,['eEE226']
VYADSFVIR,2,1,['eEE226']
LICAQKFNGLTVLPPLLTD,2,1,['eAV100']
GYQPYRVVVL,2,2,"['eLH51', 'eEE226']"
LTDEMIAQYTSALLAGTIT,2,1,['eAV100']
GLTVLPPLLTDEMIAQYTS,2,1,['eAV100']
AYSNNSIAIPTNF,2,3,"['ePD79', 'eOX43', 'eEE226']"
HLRIAGHHL,2,2,"['eLH42', 'eQD112']"
RIAGHHLGR,2,2,"['eLH42', 'eQD112']"
APHGVVFL,2,2,"['eAV93', 'eAM23']"
APHGVVFLHV,2,2,"['eAV93', 'eAM23']"
GVVFLHVTY,2,2,"['eAV93', 'eAM23']"
VVFLHVTYV,2,2,"['eAV93', 'eAM23']"
NSIAIPTNF,2,3,"['ePD79', 'eOX43', 'eEE226']"
GAGAALQIPFAMQMAYRFN,2,1,['eAV100']
IPTNFTISV,2,3,"['ePD79', 'eOX43', 'eEE226']"
AIPTNFTISV,2,3,"['ePD79', 'eOX43', 'eEE226']"
SELVIGAVI,2,2,"['eOX43', 'eXL27']"
YIIKLIFLWL,2,2,"['eEE240', 'eOX46']"
YIIKLIFLW,2,2,"['eEE240', 'eOX46']"
RFLYIIKLIF,2,2,"['eEE240', 'eOX46']"
LYIIKLIFLW,2,2,"['eEE240', 'eOX46']"
LYIIKLIFL,2,2,"['eEE240', 'eOX46']"
SELVIGAVIL,2,2,"['eOX43', 'eXL27']"
KEIDRLNEV,1,1,['eHO134']
FPQSAPHGVVF,1,1,['eMR14']
FPQSAPHGV,1,1,['eMR14']
STQDLFLPFF,1,1,['eLH54']
FIAGLIAIV,1,1,['eXL27']
WICLLQFAY,1,1,['eXL31']
LTGIAVEQDKNTQEVFAQV,1,1,['eLH57']
FCTQLNRALTGIAVEQDKN,1,1,['eLH57']
DKNTQEVFAQVKQIYKTPP,1,1,['eLH57']
CGDSTECSNLLLQYGSFCT,1,1,['eLH57']
AQVKQIYKTPPIKDFGGFN,1,1,['eLH57']
YAWNRKRISNCVADYSVLY,1,1,['eLH57']
VRFPNITNLCPFGEVFNAT,1,1,['eLH57']
SNCVADYSVLYNSASFSTF,1,1,['eLH57']
RVQPTESIVRFPNITNLCP,1,1,['eLH57']
NATRFASVYAWNRKRISNC,1,1,['eLH57']
TVATSRTLSY,1,1,['eQD128']
TSRTLSYYK,1,1,['eQD128']
ATSRTLSYYK,1,1,['eQD128']
ATSRTLSYY,1,1,['eQD128']
HLMSFPQSA,1,1,['eEE224']
YHLMSFPQSA,1,1,['eEE224']
SIIAYTMSL,1,1,['eLH48']
RLQSLQTYV,1,1,['eOX52']
LITGRLQSL,1,1,['eOX52']
DLPIGINITR,1,1,['eJL164']
FEYVSQPFL,1,1,['eDH96']
EYVSQPFLM,1,1,['eDH96']
CTFEYVSQPF,1,1,['eDH96']
VLPFNDGVYF,1,1,['eAV93']
VLPFNDGVY,1,1,['eAV93']
LPFNDGVYFA,1,1,['eAV93']
LPFNDGVYF,1,1,['eAV93']
GVYFASTEK,1,1,['eAV93']
DGVYFASTEK,1,1,['eAV93']
VVVLSFELLHAPATVCGPK,1,1,['eNL187']
TPCNGVEGFNCYFPLQSYG,1,1,['eNL187']
SYGFQPTNGVGYQPYRVVV,1,1,['eNL187']
LHAPATVCGPKKSTNLVKN,1,1,['eNL187']
GVGYQPYRVVVLSFELLHA,1,1,['eNL187']
FNCYFPLQSYGFQPTNGVG,1,1,['eNL187']
YEQYIKWPWY,1,1,['eEE240']
YEQYIKWPW,1,1,['eEE240']
QYIKWPWYI,1,1,['eEE240']
INITRFQTL,1,1,['eJL164']
LPIGINITRF,1,1,['eJL164']
FGEVFNATRF,1,1,['eOX52']
MWSFNPETNI,1,1,['ePD84']
GRLQSLQTY,1,1,['eOX52']
VQIDRLITGR,1,1,['eLH54']
VEAEVQIDRL,1,1,['eLH54']
AEVQIDRLIT,1,1,['eLH54']
AEVQIDRLI,1,1,['eLH54']
GTITSGWTF,1,1,['eLH54']
SMWSFNPET,1,1,['ePD84']
SFNPETNIL,1,1,['ePD84']
VASQSIIAY,1,1,['eLH48']
FNATRFASVY,1,1,['eOX52']
SQSIIAYTM,1,1,['eLH48']
TQDLFLPFF,1,1,['eLH54']
RSVASQSII,1,1,['eLH48']
ASQSIIAYTM,1,1,['eLH48']
IGAEHVNNSY,1,1,['eQD127']
GAEHVNNSY,1,1,['eQD127']
NATRFASVY,1,1,['eOX52']
GEVFNATRF,1,1,['eOX52']
NLLLQYGSFCTQLNRALTG,1,1,['eLH57']
