epitope,Experiment,Start Index in Genome,End Index in Genome,ORF Coverage,cdr3b,V,J,MHC
"APKEIIFL,KEIIFLEGETL",eEE226,2468,2506,ORF1ab,CASSYTLNTEAFF,TCRBV27-01,TCRBJ01-01,I
"APKEIIFL,KEIIFLEGETL",eAV93,2468,2506,ORF1ab,CASSSGNTEAFF,TCRBV05-01,TCRBJ01-01,I
"APKEIIFL,KEIIFLEGETL",eEE226,2468,2506,ORF1ab,CASGGTSTDTQYF,TCRBV12-05,TCRBJ02-03,I
"APKEIIFL,KEIIFLEGETL",eXL30,2468,2506,ORF1ab,CASSHGAEAFF,TCRBV03-01/03-02,TCRBJ01-01,I
KPLEFGATSAAL,eOX52,3137,3172,ORF1ab,CASSIVSNQPQHF,TCRBV19-01,TCRBJ01-05,I
LLSAGIFGA,eMR16,3707,3733,ORF1ab,CASSITSSYNEQFF,TCRBV19-01,TCRBJ02-01,I
"ILGTVSWNL,SNEKQEILGTVSW",eHO125,4346,4390,ORF1ab,CASSPGTGTYEQYF,TCRBV10-01,TCRBJ02-07,I
"ILGTVSWNL,SNEKQEILGTVSW",eLH43,4346,4390,ORF1ab,CASSIGVGEAFF,TCRBV19-01,TCRBJ01-01,I
"ILGTVSWNL,SNEKQEILGTVSW",ePD91,4346,4390,ORF1ab,CASSIGVGEAFF,TCRBV19-01,TCRBJ01-01,I
HTTDPSFLGRY,eJL161,5171,5203,ORF1ab,CASSFSSYEQYF,TCRBV12-03/12-04,TCRBJ02-07,I
HTTDPSFLGRY,eJL161,5171,5203,ORF1ab,CASSWTANTEAFF,TCRBV12-03/12-04,TCRBJ01-01,I
HTTDPSFLGRY,eJL160,5171,5203,ORF1ab,CASSPRAGNEKLFF,TCRBV27-01,TCRBJ01-04,I
HTTDPSFLGRY,eQD124,5171,5203,ORF1ab,CASSPRDGQETQYF,TCRBV27-01,TCRBJ02-05,I
HTTDPSFLGRY,eQD124,5171,5203,ORF1ab,CASSPRAGNEKLFF,TCRBV27-01,TCRBJ01-04,I
HTTDPSFLGRY,eQD111,5171,5203,ORF1ab,CASSLGSGGPDEQYF,TCRBV12-X,TCRBJ02-07,I
HTTDPSFLGRY,eMR12,5171,5203,ORF1ab,CASSLGNEQFF,TCRBV27-01,TCRBJ02-01,I
HTTDPSFLGRY,eQD121,5171,5203,ORF1ab,CASSVTSGSYNEQFF,TCRBV27-01,TCRBJ02-01,I
HTTDPSFLGRY,eQD120,5171,5203,ORF1ab,CASSPTSGGYNEQFF,TCRBV27-01,TCRBJ02-01,I
HTTDPSFLGRY,eXL30,5171,5203,ORF1ab,CASSPRAGNEKLFF,TCRBV27-01,TCRBJ01-04,I
HTTDPSFLGRY,eQD111,5171,5203,ORF1ab,CASSPRDGQETQYF,TCRBV27-01,TCRBJ02-05,I
YYRARAGEAANF,eOX46,5360,5395,ORF1ab,CASSIRSSYEQYF,TCRBV19-01,TCRBJ02-07,I
"ITDVFYKENSY,SEYKGPITDVFY",eEE226,5834,5884,ORF1ab,CASSPSGNEQFF,TCRBV14-01,TCRBJ02-01,I
NSRIKASM,eQD129,6824,6847,ORF1ab,CASSSFYTDTQYF,TCRBV07-02,TCRBJ02-03,I
AYILFTRFFYV,eLH47,7253,7285,ORF1ab,CASSLGNEQFF,TCRBV12-03/12-04,TCRBJ02-01,I
YIFFASFYY,eQD124,7415,7441,ORF1ab,CASSLGQPQHF,TCRBV28-01,TCRBJ01-05,I
"QLMCQPILL,QLMCQPILLL",ePD84,7952,7981,ORF1ab,CASSFGQGSYEQYF,TCRBV27-01,TCRBJ02-07,I
"AEAELAKNVSL,AELAKNVSLDNVL",eEE226,8111,8155,ORF1ab,CASSYAETQYF,TCRBV06-05,TCRBJ02-05,I
"AEAELAKNVSL,AELAKNVSLDNVL",eXL30,8111,8155,ORF1ab,CASSPVGTGELFF,TCRBV07-03,TCRBJ02-02,I
"AEAELAKNVSL,AELAKNVSLDNVL",eEE226,8111,8155,ORF1ab,CASSQTGSTDTQYF,TCRBV06-05,TCRBJ02-03,I
"AEAELAKNVSL,AELAKNVSLDNVL",eXL30,8111,8155,ORF1ab,CASSWTGNTEAFF,TCRBV12-03/12-04,TCRBJ01-01,I
FLPRVFSAV,eOX43,8915,8941,ORF1ab,CASSFSSYEQYF,TCRBV12-03/12-04,TCRBJ02-07,I
FLPRVFSAV,eXL30,8915,8941,ORF1ab,CASSLSGLGEQFF,TCRBV13-01,TCRBJ02-01,I
FLPRVFSAV,eEE243,8915,8941,ORF1ab,CASSPSGSEQFF,TCRBV09-01,TCRBJ02-01,I
FLNGSCGSV,eAV88,10472,10498,ORF1ab,CASSQDPGYEQYF,TCRBV04-01,TCRBJ02-07,I
FLNGSCGSV,eEE240,10472,10498,ORF1ab,CASSYGGYEQYF,TCRBV04-01,TCRBJ02-07,I
FLNGSCGSV,eOX54,10472,10498,ORF1ab,CASSILAGGYNEQFF,TCRBV19-01,TCRBJ02-01,I
FLNGSCGSV,eOX52,10472,10498,ORF1ab,CASSFGQGSYEQYF,TCRBV06-05,TCRBJ02-07,I
FLNGSCGSV,eEE240,10472,10498,ORF1ab,CASSQDPGYEQYF,TCRBV04-01,TCRBJ02-07,I
FLNGSCGSV,eEE224,10472,10498,ORF1ab,CASSQDPGYEQYF,TCRBV04-01,TCRBJ02-07,I
FLNGSCGSV,eEE226,10472,10498,ORF1ab,CASSQDPGYEQYF,TCRBV04-01,TCRBJ02-07,I
FLNGSCGSV,eHH175,10472,10498,ORF1ab,CASSQDPGYEQYF,TCRBV04-01,TCRBJ02-07,I
FLNGSCGSV,eEE226,10472,10498,ORF1ab,CASSYSYEQYF,TCRBV12-03/12-04,TCRBJ02-07,I
FLNGSCGSV,eEE224,10472,10498,ORF1ab,CASSLAGNYGYTF,TCRBV27-01,TCRBJ01-02,I
FLNGSCGSV,eEE240,10472,10498,ORF1ab,CASSMVGGSYNEQFF,TCRBV19-01,TCRBJ02-01,I
FLNGSCGSV,eXL37,10472,10498,ORF1ab,CASSQDPGYEQYF,TCRBV04-01,TCRBJ02-07,I
FLNGSCGSV,eOX49,10472,10498,ORF1ab,CASSFGQGSYEQYF,TCRBV05-01,TCRBJ02-07,I
FLNGSCGSV,eOX43,10472,10498,ORF1ab,CASSQDPGYEQYF,TCRBV04-01,TCRBJ02-07,I
FLNGSCGSV,eOX49,10472,10498,ORF1ab,CASSQDPGYEQYF,TCRBV04-01,TCRBJ02-07,I
FLNGSCGSV,eOX49,10472,10498,ORF1ab,CASSWTVNTEAFF,TCRBV09-01,TCRBJ01-01,I
FLNGSCGSV,eOX49,10472,10498,ORF1ab,CASSFGIYEQYF,TCRBV12-03/12-04,TCRBJ02-07,I
FLNGSCGSV,eOX49,10472,10498,ORF1ab,CASSILAGGYNEQFF,TCRBV27-01,TCRBJ02-01,I
FLNGSCGSV,eOX49,10472,10498,ORF1ab,CASSETSGGTDTQYF,TCRBV07-03,TCRBJ02-03,I
FLNGSCGSV,eOX49,10472,10498,ORF1ab,CASSRQTEAFF,TCRBV03-01/03-02,TCRBJ01-01,I
FLNGSCGSV,eEE226,10472,10498,ORF1ab,CASSFLAGGYNEQFF,TCRBV07-09,TCRBJ02-01,I
FLNGSCGSV,eXL30,10472,10498,ORF1ab,CASSQDPGYEQYF,TCRBV04-01,TCRBJ02-07,I
FLNGSCGSV,eEE226,10472,10498,ORF1ab,CASSFGQGSYEQYF,TCRBV05-06,TCRBJ02-07,I
FLNGSCGSV,eEE226,10472,10498,ORF1ab,CASSFGQGSYEQYF,TCRBV05-01,TCRBJ02-07,I
FLNGSCGSV,eEE226,10472,10498,ORF1ab,CASSLAGNYGYTF,TCRBV07-03,TCRBJ01-02,I
FLNGSCGSV,eEE226,10472,10498,ORF1ab,CASSFSSYEQYF,TCRBV05-06,TCRBJ02-07,I
VLAWLYAAV,eXL37,10664,10690,ORF1ab,CASSIVSQETQYF,TCRBV19-01,TCRBJ02-05,I
"FLCLFLLPSL,FLLPSLATV",eXL30,11168,11206,ORF1ab,CASSWTVNTEAFF,TCRBV27-01,TCRBJ01-01,I
MPASWVMRI,eHH175,11228,11254,ORF1ab,CASSSGLAGGNEQFF,TCRBV13-01,TCRBJ02-01,I
"TVLSFCAFA,VLSFCAFAV",eEE224,13058,13087,ORF1ab,CASSLGADNEQFF,TCRBV27-01,TCRBJ02-01,I
ILHCANFNV,eXL32,14360,14386,ORF1ab,CASSFSTDTQYF,TCRBV09-01,TCRBJ02-03,I
FPPTSFGPL,ePD76,14402,14428,ORF1ab,CASSLSSYNEQFF,TCRBV27-01,TCRBJ02-01,I
FPPTSFGPL,eXL30,14402,14428,ORF1ab,CASSHRSSYEQYF,TCRBV27-01,TCRBJ02-07,I
FPPTSFGPL,eXL30,14402,14428,ORF1ab,CASSLSSYNEQFF,TCRBV27-01,TCRBJ02-01,I
FVDGVPFVV,eEE226,14441,14467,ORF1ab,CASSYGLNTEAFF,TCRBV06-05,TCRBJ01-01,I
FVDGVPFVV,eXL30,14441,14467,ORF1ab,CASSTYNEQFF,TCRBV19-01,TCRBJ02-01,I
FVDGVPFVV,eXL30,14441,14467,ORF1ab,CASSPVGGEQFF,TCRBV07-02,TCRBJ02-01,I
FVDGVPFVV,eEE226,14441,14467,ORF1ab,CASSLGDTEAFF,TCRBV09-01,TCRBJ01-01,I
FVDGVPFVV,eEE226,14441,14467,ORF1ab,CASSIRSAYEQYF,TCRBV19-01,TCRBJ02-07,I
FVDGVPFVV,eEE226,14441,14467,ORF1ab,CASSVVASSYNEQFF,TCRBV09-01,TCRBJ02-01,I
FVDGVPFVV,eEE224,14441,14467,ORF1ab,CASSLGNEQFF,TCRBV11-02,TCRBJ02-01,I
FVDGVPFVV,eEE243,14441,14467,ORF1ab,CASSLLATDTQYF,TCRBV07-02,TCRBJ02-03,I
FVDGVPFVV,eOX52,14441,14467,ORF1ab,CASSLYEQYF,TCRBV12-03/12-04,TCRBJ02-07,I
FVDGVPFVV,eQD137,14441,14467,ORF1ab,CASSIRGGNEQFF,TCRBV19-01,TCRBJ02-01,I
FVDGVPFVV,eOX54,14441,14467,ORF1ab,CASSFSSTDTQYF,TCRBV05-06,TCRBJ02-03,I
RQLLFVVEV,eOX56,14840,14866,ORF1ab,CASGLPYEQYF,TCRBV07-09,TCRBJ02-07,I
RQLLFVVEV,eEE224,14840,14866,ORF1ab,CASSIYSNQPQHF,TCRBV04-01,TCRBJ01-05,I
RQLLFVVEV,eOX46,14840,14866,ORF1ab,CASSVGVEQFF,TCRBV09-01,TCRBJ02-01,I
RQLLFVVEV,eOX46,14840,14866,ORF1ab,CASSLGNEQFF,TCRBV09-01,TCRBJ02-01,I
RQLLFVVEV,eHO141,14840,14866,ORF1ab,CASSQGFYGYTF,TCRBV07-09,TCRBJ01-02,I
RQLLFVVEV,eHO140,14840,14866,ORF1ab,CASSVGVEQFF,TCRBV09-01,TCRBJ02-01,I
RQLLFVVEV,eOX43,14840,14866,ORF1ab,CASSLEVGQETQYF,TCRBV07-09,TCRBJ02-05,I
RQLLFVVEV,eXL31,14840,14866,ORF1ab,CASSFSGNTGELFF,TCRBV05-04,TCRBJ02-02,I
RQLLFVVEV,eQD128,14840,14866,ORF1ab,CASSQGNEQFF,TCRBV04-01,TCRBJ02-01,I
"MVMCGGSLYV,VMCGGSLYV",eXL30,15437,15466,ORF1ab,CASSLGSYGYTF,TCRBV11-02,TCRBJ01-02,I
"MVMCGGSLYV,VMCGGSLYV",eEE226,15437,15466,ORF1ab,CASSLGSYGYTF,TCRBV11-02,TCRBJ01-02,I
"DTDFVNEFYAY,NRDVDTDFVNEFY",eXL30,15641,15685,ORF1ab,CASSQGSYGYTF,TCRBV10-01,TCRBJ01-02,I
LVLSVNPYV,eXL27,16358,16384,ORF1ab,CASSLGNEQFF,TCRBV28-01,TCRBJ02-01,I
LVLSVNPYV,eEE224,16358,16384,ORF1ab,CASSLGNEQFF,TCRBV28-01,TCRBJ02-01,I
LVLSVNPYV,eMR16,16358,16384,ORF1ab,CASSFSPSSYNEQFF,TCRBV27-01,TCRBJ02-01,I
KLSYGIATV,eOX54,16673,16699,ORF1ab,CSAETGVGQPQHF,TCRBV20-X,TCRBJ01-05,I
KLSYGIATV,eEE240,16673,16699,ORF1ab,CASSPTSGGYNEQFF,TCRBV27-01,TCRBJ02-01,I
IVDTVSALV,eAV88,17579,17605,ORF1ab,CASSMGLYNEQFF,TCRBV19-01,TCRBJ02-01,I
IVDTVSALV,eEE243,17579,17605,ORF1ab,CATSTGDSNQPQHF,TCRBV15-01,TCRBJ01-05,I
ILGLPTQTV,eOX52,17810,17836,ORF1ab,CASSQGNEQFF,TCRBV14-01,TCRBJ02-01,I
VLWAHGFEL,eEE226,18590,18616,ORF1ab,CASSPSGNEQFF,TCRBV04-01,TCRBJ02-01,I
YLDAYNMMI,eOX52,19520,19546,ORF1ab,CASSYGGGSYEQYF,TCRBV06-05,TCRBJ02-07,I
"APAHISTI,LIVNSVLLFL,LLFLAFVVFL,SVLLFLAFV",eXL31,19895,26325,"envelope,ORF1ab",CASSIRGSTEAFF,TCRBV12-03/12-04,TCRBJ01-01,I
"APAHISTI,LIVNSVLLFL,LLFLAFVVFL,SVLLFLAFV",eEE224,19895,26325,"envelope,ORF1ab",CASSWTGTEAFF,TCRBV05-01,TCRBJ01-01,I
"APAHISTI,LIVNSVLLFL,LLFLAFVVFL,SVLLFLAFV",eOX43,19895,26325,"envelope,ORF1ab",CASSLQGANEKLFF,TCRBV07-08,TCRBJ01-04,I
"APAHISTI,LIVNSVLLFL,LLFLAFVVFL,SVLLFLAFV",eXL30,19895,26325,"envelope,ORF1ab",CASSQTYEQYF,TCRBV11-01,TCRBJ02-07,I
"APAHISTI,LIVNSVLLFL,LLFLAFVVFL,SVLLFLAFV",eOX43,19895,26325,"envelope,ORF1ab",CASSLSSYNEQFF,TCRBV27-01,TCRBJ02-01,I
"LLDDFVEII,LLLDDFVEI",eOX54,20510,20539,ORF1ab,CASSSGVYGYTF,TCRBV12-03/12-04,TCRBJ01-02,I
"LLDDFVEII,LLLDDFVEI",eOX54,20510,20539,ORF1ab,CASSLLAGPYNEQFF,TCRBV09-01,TCRBJ02-01,I
"LLDDFVEII,LLLDDFVEI",eHH175,20510,20539,ORF1ab,CASSLGNEQFF,TCRBV12-03/12-04,TCRBJ02-01,I
"LLDDFVEII,LLLDDFVEI",eEE224,20510,20539,ORF1ab,CASSILAGNEQFF,TCRBV06-06,TCRBJ02-01,I
YLNTLTLAV,eXL27,20816,20842,ORF1ab,CASSLGNEQFF,TCRBV28-01,TCRBJ02-01,I
YLNTLTLAV,eOX52,20816,20842,ORF1ab,CASSIYSSYEQYF,TCRBV19-01,TCRBJ02-07,I
YLNTLTLAV,eEE226,20816,20842,ORF1ab,CASSGQGGTEAFF,TCRBV09-01,TCRBJ01-01,I
YLNTLTLAV,eOX49,20816,20842,ORF1ab,CASSQERGGYNEQFF,TCRBV04-02,TCRBJ02-01,I
YLNTLTLAV,eXL37,20816,20842,ORF1ab,CASSLGNEQFF,TCRBV05-06,TCRBJ02-01,I
TLIGDCATV,eOX52,20987,21013,ORF1ab,CASSLNTEAFF,TCRBV28-01,TCRBJ01-01,I
"STQDLFLPFF,TQDLFLPFF",eLH54,21710,21739,surface glycoprotein,CASSWTGNTEAFF,TCRBV05-01,TCRBJ01-01,I
"FFSNVTWFH,FLPFFSNVT,LPFFSNVTW,LPFFSNVTWF,PFFSNVTWF,SNVTWFHAI",ePD84,21725,21766,surface glycoprotein,CASSTRSTDTQYF,TCRBV19-01,TCRBJ02-03,I
"FFSNVTWFH,FLPFFSNVT,LPFFSNVTW,LPFFSNVTWF,PFFSNVTWF,SNVTWFHAI",eHO136,21725,21766,surface glycoprotein,CASSAGSYGYTF,TCRBV19-01,TCRBJ01-02,I
"FFSNVTWFH,FLPFFSNVT,LPFFSNVTW,LPFFSNVTWF,PFFSNVTWF,SNVTWFHAI",ePD84,21725,21766,surface glycoprotein,CASSIRSSYEQYF,TCRBV19-01,TCRBJ02-07,I
"FFSNVTWFH,FLPFFSNVT,LPFFSNVTW,LPFFSNVTWF,PFFSNVTWF,SNVTWFHAI",ePD84,21725,21766,surface glycoprotein,CASSVRSSYEQYF,TCRBV19-01,TCRBJ02-07,I
"FFSNVTWFH,FLPFFSNVT,LPFFSNVTW,LPFFSNVTWF,PFFSNVTWF,SNVTWFHAI",eHO128,21725,21766,surface glycoprotein,CASSIRSSYEQYF,TCRBV19-01,TCRBJ02-07,I
"FFSNVTWFH,FLPFFSNVT,LPFFSNVTW,LPFFSNVTWF,PFFSNVTWF,SNVTWFHAI",ePD84,21725,21766,surface glycoprotein,CASSRRSTDTQYF,TCRBV19-01,TCRBJ02-03,I
"FFSNVTWFH,FLPFFSNVT,LPFFSNVTW,LPFFSNVTWF,PFFSNVTWF,SNVTWFHAI",eHO136,21725,21766,surface glycoprotein,CASSTSGANQPQHF,TCRBV19-01,TCRBJ01-05,I
"FFSNVTWFH,FLPFFSNVT,LPFFSNVTW,LPFFSNVTWF,PFFSNVTWF,SNVTWFHAI",ePD84,21725,21766,surface glycoprotein,CASSGRAGNEQFF,TCRBV19-01,TCRBJ02-01,I
"FFSNVTWFH,FLPFFSNVT,LPFFSNVTW,LPFFSNVTWF,PFFSNVTWF,SNVTWFHAI",eJL149,21725,21766,surface glycoprotein,CASSIRSTGELFF,TCRBV19-01,TCRBJ02-02,I
"FFSNVTWFH,FLPFFSNVT,LPFFSNVTW,LPFFSNVTWF,PFFSNVTWF,SNVTWFHAI",ePD84,21725,21766,surface glycoprotein,CASSMRSSYEQYF,TCRBV19-01,TCRBJ02-07,I
"FFSNVTWFH,FLPFFSNVT,LPFFSNVTW,LPFFSNVTWF,PFFSNVTWF,SNVTWFHAI",eJL148,21725,21766,surface glycoprotein,CASSLRSTDTQYF,TCRBV19-01,TCRBJ02-03,I
"FFSNVTWFH,FLPFFSNVT,LPFFSNVTW,LPFFSNVTWF,PFFSNVTWF,SNVTWFHAI",ePD84,21725,21766,surface glycoprotein,CASSIRSTDTQYF,TCRBV19-01,TCRBJ02-03,I
"FFSNVTWFH,FLPFFSNVT,LPFFSNVTW,LPFFSNVTWF,PFFSNVTWF,SNVTWFHAI",ePD84,21725,21766,surface glycoprotein,CASSLRSTGELFF,TCRBV19-01,TCRBJ02-02,I
"FFSNVTWFH,FLPFFSNVT,LPFFSNVTW,LPFFSNVTWF,PFFSNVTWF,SNVTWFHAI",ePD83,21725,21766,surface glycoprotein,CASSTSGANQPQHF,TCRBV19-01,TCRBJ01-05,I
"FFSNVTWFH,FLPFFSNVT,LPFFSNVTW,LPFFSNVTWF,PFFSNVTWF,SNVTWFHAI",eLH42,21725,21766,surface glycoprotein,CASSIRSTDTQYF,TCRBV19-01,TCRBJ02-03,I
"FFSNVTWFH,FLPFFSNVT,LPFFSNVTW,LPFFSNVTWF,PFFSNVTWF,SNVTWFHAI",ePD84,21725,21766,surface glycoprotein,CASSMRSGVEQFF,TCRBV19-01,TCRBJ02-01,I
"FFSNVTWFH,FLPFFSNVT,LPFFSNVTW,LPFFSNVTWF,PFFSNVTWF,SNVTWFHAI",eJL148,21725,21766,surface glycoprotein,CASSRRSTGELFF,TCRBV19-01,TCRBJ02-02,I
"FFSNVTWFH,FLPFFSNVT,LPFFSNVTW,LPFFSNVTWF,PFFSNVTWF,SNVTWFHAI",ePD84,21725,21766,surface glycoprotein,CASSSRSGTEAFF,TCRBV19-01,TCRBJ01-01,I
"FFSNVTWFH,FLPFFSNVT,LPFFSNVTW,LPFFSNVTWF,PFFSNVTWF,SNVTWFHAI",eJL148,21725,21766,surface glycoprotein,CASSIRSTDTQYF,TCRBV19-01,TCRBJ02-03,I
"FFSNVTWFH,FLPFFSNVT,LPFFSNVTW,LPFFSNVTWF,PFFSNVTWF,SNVTWFHAI",ePD84,21725,21766,surface glycoprotein,CASSMRSTGELFF,TCRBV19-01,TCRBJ02-02,I
"FFSNVTWFH,FLPFFSNVT,LPFFSNVTW,LPFFSNVTWF,PFFSNVTWF,SNVTWFHAI",eJL148,21725,21766,surface glycoprotein,CASSIRSTGELFF,TCRBV19-01,TCRBJ02-02,I
"FFSNVTWFH,FLPFFSNVT,LPFFSNVTW,LPFFSNVTWF,PFFSNVTWF,SNVTWFHAI",ePD84,21725,21766,surface glycoprotein,CASSIRSAYEQYF,TCRBV19-01,TCRBJ02-07,I
"FFSNVTWFH,FLPFFSNVT,LPFFSNVTW,LPFFSNVTWF,PFFSNVTWF,SNVTWFHAI",ePD84,21725,21766,surface glycoprotein,CASSIRSSETQYF,TCRBV19-01,TCRBJ02-05,I
"FFSNVTWFH,FLPFFSNVT,LPFFSNVTW,LPFFSNVTWF,PFFSNVTWF,SNVTWFHAI",ePD84,21725,21766,surface glycoprotein,CASSIRASYEQYF,TCRBV19-01,TCRBJ02-07,I
"FFSNVTWFH,FLPFFSNVT,LPFFSNVTW,LPFFSNVTWF,PFFSNVTWF,SNVTWFHAI",eHO132,21725,21766,surface glycoprotein,CASSIRSSYEQYF,TCRBV19-01,TCRBJ02-07,I
"FFSNVTWFH,FLPFFSNVT,LPFFSNVTW,LPFFSNVTWF,PFFSNVTWF,SNVTWFHAI",ePD84,21725,21766,surface glycoprotein,CASSIRSSDEQFF,TCRBV19-01,TCRBJ02-01,I
"FFSNVTWFH,FLPFFSNVT,LPFFSNVTW,LPFFSNVTWF,PFFSNVTWF,SNVTWFHAI",eJL147,21725,21766,surface glycoprotein,CASSTRSNQPQHF,TCRBV19-01,TCRBJ01-05,I
"FFSNVTWFH,FLPFFSNVT,LPFFSNVTW,LPFFSNVTWF,PFFSNVTWF,SNVTWFHAI",ePD84,21725,21766,surface glycoprotein,CASSSRSGVEQFF,TCRBV19-01,TCRBJ02-01,I
"FFSNVTWFH,FLPFFSNVT,LPFFSNVTW,LPFFSNVTWF,PFFSNVTWF,SNVTWFHAI",ePD84,21725,21766,surface glycoprotein,CASSPRSGIEQFF,TCRBV19-01,TCRBJ02-01,I
"FFSNVTWFH,FLPFFSNVT,LPFFSNVTW,LPFFSNVTWF,PFFSNVTWF,SNVTWFHAI",eHO125,21725,21766,surface glycoprotein,CASSIRSSYEQYF,TCRBV19-01,TCRBJ02-07,I
"FFSNVTWFH,FLPFFSNVT,LPFFSNVTW,LPFFSNVTWF,PFFSNVTWF,SNVTWFHAI",ePD84,21725,21766,surface glycoprotein,CASSLRSSYEQYF,TCRBV19-01,TCRBJ02-07,I
"FFSNVTWFH,FLPFFSNVT,LPFFSNVTW,LPFFSNVTWF,PFFSNVTWF,SNVTWFHAI",eHO136,21725,21766,surface glycoprotein,CASSMGSYGYTF,TCRBV19-01,TCRBJ01-02,I
"FFSNVTWFH,FLPFFSNVT,LPFFSNVTW,LPFFSNVTWF,PFFSNVTWF,SNVTWFHAI",ePD83,21725,21766,surface glycoprotein,CASSIRSSYEQYF,TCRBV19-01,TCRBJ02-07,I
"FFSNVTWFH,FLPFFSNVT,LPFFSNVTW,LPFFSNVTWF,PFFSNVTWF,SNVTWFHAI",eHO131,21725,21766,surface glycoprotein,CASSIRSTDTQYF,TCRBV19-01,TCRBJ02-03,I
"FFSNVTWFH,FLPFFSNVT,LPFFSNVTW,LPFFSNVTWF,PFFSNVTWF,SNVTWFHAI",eHO136,21725,21766,surface glycoprotein,CASSIRSAYEQYF,TCRBV19-01,TCRBJ02-07,I
"FFSNVTWFH,FLPFFSNVT,LPFFSNVTW,LPFFSNVTWF,PFFSNVTWF,SNVTWFHAI",ePD84,21725,21766,surface glycoprotein,CASSIRSGWEQFF,TCRBV19-01,TCRBJ02-01,I
"FFSNVTWFH,FLPFFSNVT,LPFFSNVTW,LPFFSNVTWF,PFFSNVTWF,SNVTWFHAI",ePD84,21725,21766,surface glycoprotein,CASSIGAYGYTF,TCRBV19-01,TCRBJ01-02,I
"FFSNVTWFH,FLPFFSNVT,LPFFSNVTW,LPFFSNVTWF,PFFSNVTWF,SNVTWFHAI",eHO131,21725,21766,surface glycoprotein,CASSRRSTDTQYF,TCRBV19-01,TCRBJ02-03,I
"FFSNVTWFH,FLPFFSNVT,LPFFSNVTW,LPFFSNVTWF,PFFSNVTWF,SNVTWFHAI",eHO136,21725,21766,surface glycoprotein,CASSIRSSYEQYF,TCRBV19-01,TCRBJ02-07,I
"FFSNVTWFH,FLPFFSNVT,LPFFSNVTW,LPFFSNVTWF,PFFSNVTWF,SNVTWFHAI",eHO131,21725,21766,surface glycoprotein,CASSTRSGTEQFF,TCRBV19-01,TCRBJ02-01,I
"FFSNVTWFH,FLPFFSNVT,LPFFSNVTW,LPFFSNVTWF,PFFSNVTWF,SNVTWFHAI",eLH42,21725,21766,surface glycoprotein,CASSSRSAYEQYF,TCRBV19-01,TCRBJ02-07,I
"FFSNVTWFH,FLPFFSNVT,LPFFSNVTW,LPFFSNVTWF,PFFSNVTWF,SNVTWFHAI",eHO132,21725,21766,surface glycoprotein,CASSLRSSYEQYF,TCRBV19-01,TCRBJ02-07,I
"FFSNVTWFH,FLPFFSNVT,LPFFSNVTW,LPFFSNVTWF,PFFSNVTWF,SNVTWFHAI",eHO132,21725,21766,surface glycoprotein,CASSIRSAYEQYF,TCRBV19-01,TCRBJ02-07,I
"FFSNVTWFH,FLPFFSNVT,LPFFSNVTW,LPFFSNVTWF,PFFSNVTWF,SNVTWFHAI",eHO132,21725,21766,surface glycoprotein,CASSVRSSYEQYF,TCRBV19-01,TCRBJ02-07,I
"FFSNVTWFH,FLPFFSNVT,LPFFSNVTW,LPFFSNVTWF,PFFSNVTWF,SNVTWFHAI",ePD84,21725,21766,surface glycoprotein,CASSWRSTDTQYF,TCRBV19-01,TCRBJ02-03,I
"FFSNVTWFH,FLPFFSNVT,LPFFSNVTW,LPFFSNVTWF,PFFSNVTWF,SNVTWFHAI",eHO132,21725,21766,surface glycoprotein,CASSSRSGNEQFF,TCRBV19-01,TCRBJ02-01,I
"FFSNVTWFH,FLPFFSNVT,LPFFSNVTW,LPFFSNVTWF,PFFSNVTWF,SNVTWFHAI",ePD84,21725,21766,surface glycoprotein,CASSIRSSNEQFF,TCRBV19-01,TCRBJ02-01,I
"FFSNVTWFH,FLPFFSNVT,LPFFSNVTW,LPFFSNVTWF,PFFSNVTWF,SNVTWFHAI",eLH42,21725,21766,surface glycoprotein,CASSSRSSYEQYF,TCRBV19-01,TCRBJ02-07,I
"FFSNVTWFH,FLPFFSNVT,LPFFSNVTW,LPFFSNVTWF,PFFSNVTWF,SNVTWFHAI",ePD84,21725,21766,surface glycoprotein,CASSIYSNQPQHF,TCRBV19-01,TCRBJ01-05,I
"FFSNVTWFH,FLPFFSNVT,LPFFSNVTW,LPFFSNVTWF,PFFSNVTWF,SNVTWFHAI",eHO128,21725,21766,surface glycoprotein,CASSSRSAYEQYF,TCRBV19-01,TCRBJ02-07,I
"FFSNVTWFH,FLPFFSNVT,LPFFSNVTW,LPFFSNVTWF,PFFSNVTWF,SNVTWFHAI",ePD83,21725,21766,surface glycoprotein,CASSIGVYGYTF,TCRBV19-01,TCRBJ01-02,I
"FFSNVTWFH,FLPFFSNVT,LPFFSNVTW,LPFFSNVTWF,PFFSNVTWF,SNVTWFHAI",ePD84,21725,21766,surface glycoprotein,CASSGRSTGELFF,TCRBV19-01,TCRBJ02-02,I
"FFSNVTWFH,FLPFFSNVT,LPFFSNVTW,LPFFSNVTWF,PFFSNVTWF,SNVTWFHAI",eLH41,21725,21766,surface glycoprotein,CASSTRSTGELFF,TCRBV19-01,TCRBJ02-02,I
"FFSNVTWFH,FLPFFSNVT,LPFFSNVTW,LPFFSNVTWF,PFFSNVTWF,SNVTWFHAI",ePD84,21725,21766,surface glycoprotein,CASSMRSADTQYF,TCRBV19-01,TCRBJ02-03,I
"FFSNVTWFH,FLPFFSNVT,LPFFSNVTW,LPFFSNVTWF,PFFSNVTWF,SNVTWFHAI",ePD84,21725,21766,surface glycoprotein,CASSVRASYEQYF,TCRBV19-01,TCRBJ02-07,I
"FFSNVTWFH,FLPFFSNVT,LPFFSNVTW,LPFFSNVTWF,PFFSNVTWF,SNVTWFHAI",eLH41,21725,21766,surface glycoprotein,CASSIRGGSSYNEQFF,TCRBV19-01,TCRBJ02-01,I
"FFSNVTWFH,FLPFFSNVT,LPFFSNVTW,LPFFSNVTWF,PFFSNVTWF,SNVTWFHAI",ePD84,21725,21766,surface glycoprotein,CASSGRSTDTQYF,TCRBV19-01,TCRBJ02-03,I
"FFSNVTWFH,FLPFFSNVT,LPFFSNVTW,LPFFSNVTWF,PFFSNVTWF,SNVTWFHAI",eLH41,21725,21766,surface glycoprotein,CASSMRSSYEQYF,TCRBV19-01,TCRBJ02-07,I
"FFSNVTWFH,FLPFFSNVT,LPFFSNVTW,LPFFSNVTWF,PFFSNVTWF,SNVTWFHAI",eLH41,21725,21766,surface glycoprotein,CASSIRSSYEQYF,TCRBV19-01,TCRBJ02-07,I
"FFSNVTWFH,FLPFFSNVT,LPFFSNVTW,LPFFSNVTWF,PFFSNVTWF,SNVTWFHAI",ePD84,21725,21766,surface glycoprotein,CASSIRSGYEQYF,TCRBV19-01,TCRBJ02-07,I
"FFSNVTWFH,FLPFFSNVT,LPFFSNVTW,LPFFSNVTWF,PFFSNVTWF,SNVTWFHAI",eHO124,21725,21766,surface glycoprotein,CASSIRSSYEQYF,TCRBV19-01,TCRBJ02-07,I
"FFSNVTWFH,FLPFFSNVT,LPFFSNVTW,LPFFSNVTWF,PFFSNVTWF,SNVTWFHAI",ePD84,21725,21766,surface glycoprotein,CASSIRSSDTQYF,TCRBV19-01,TCRBJ02-03,I
"FFSNVTWFH,FLPFFSNVT,LPFFSNVTW,LPFFSNVTWF,PFFSNVTWF,SNVTWFHAI",ePD85,21725,21766,surface glycoprotein,CASSIRSTGELFF,TCRBV19-01,TCRBJ02-02,I
"FFSNVTWFH,FLPFFSNVT,LPFFSNVTW,LPFFSNVTWF,PFFSNVTWF,SNVTWFHAI",eLH41,21725,21766,surface glycoprotein,CASSIISTDTQYF,TCRBV19-01,TCRBJ02-03,I
"FFSNVTWFH,FLPFFSNVT,LPFFSNVTW,LPFFSNVTWF,PFFSNVTWF,SNVTWFHAI",ePD84,21725,21766,surface glycoprotein,CASSIRAAYEQYF,TCRBV19-01,TCRBJ02-07,I
"FFSNVTWFH,FLPFFSNVT,LPFFSNVTW,LPFFSNVTWF,PFFSNVTWF,SNVTWFHAI",ePD84,21725,21766,surface glycoprotein,CASSARSTGELFF,TCRBV19-01,TCRBJ02-02,I
"FFSNVTWFH,FLPFFSNVT,LPFFSNVTW,LPFFSNVTWF,PFFSNVTWF,SNVTWFHAI",ePD86,21725,21766,surface glycoprotein,CASSIRSSYEQYF,TCRBV19-01,TCRBJ02-07,I
"FFSNVTWFH,FLPFFSNVT,LPFFSNVTW,LPFFSNVTWF,PFFSNVTWF,SNVTWFHAI",eLH42,21725,21766,surface glycoprotein,CASSIRSSYEQYF,TCRBV19-01,TCRBJ02-07,I
"FFSNVTWFH,FLPFFSNVT,LPFFSNVTW,LPFFSNVTWF,PFFSNVTWF,SNVTWFHAI",ePD84,21725,21766,surface glycoprotein,CASSTRSAYEQYF,TCRBV19-01,TCRBJ02-07,I
"FFSNVTWFH,FLPFFSNVT,LPFFSNVTW,LPFFSNVTWF,PFFSNVTWF,SNVTWFHAI",eHO130,21725,21766,surface glycoprotein,CASSIRSSYEQYF,TCRBV19-01,TCRBJ02-07,I
"FFSNVTWFH,FLPFFSNVT,LPFFSNVTW,LPFFSNVTWF,PFFSNVTWF,SNVTWFHAI",eJL147,21725,21766,surface glycoprotein,CASSIRSTDTQYF,TCRBV19-01,TCRBJ02-03,I
"FFSNVTWFH,FLPFFSNVT,LPFFSNVTW,LPFFSNVTWF,PFFSNVTWF,SNVTWFHAI",ePD84,21725,21766,surface glycoprotein,CASSMRSTDTQYF,TCRBV19-01,TCRBJ02-03,I
"FFSNVTWFH,FLPFFSNVT,LPFFSNVTW,LPFFSNVTWF,PFFSNVTWF,SNVTWFHAI",eJL147,21725,21766,surface glycoprotein,CASSSRSAGELFF,TCRBV19-01,TCRBJ02-02,I
"FFSNVTWFH,FLPFFSNVT,LPFFSNVTW,LPFFSNVTWF,PFFSNVTWF,SNVTWFHAI",ePD83,21725,21766,surface glycoprotein,CASSGRSTGELFF,TCRBV19-01,TCRBJ02-02,I
"FFSNVTWFH,FLPFFSNVT,LPFFSNVTW,LPFFSNVTWF,PFFSNVTWF,SNVTWFHAI",ePD84,21725,21766,surface glycoprotein,CASSIRAGETQYF,TCRBV19-01,TCRBJ02-05,I
"FFSNVTWFH,FLPFFSNVT,LPFFSNVTW,LPFFSNVTWF,PFFSNVTWF,SNVTWFHAI",ePD84,21725,21766,surface glycoprotein,CASSVRSTDTQYF,TCRBV19-01,TCRBJ02-03,I
"FFSNVTWFH,FLPFFSNVT,LPFFSNVTW,LPFFSNVTWF,PFFSNVTWF,SNVTWFHAI",eJL148,21725,21766,surface glycoprotein,CASSGRSAGELFF,TCRBV19-01,TCRBJ02-02,I
"FFSNVTWFH,FLPFFSNVT,LPFFSNVTW,LPFFSNVTWF,PFFSNVTWF,SNVTWFHAI",eJL148,21725,21766,surface glycoprotein,CASSKRSTDTQYF,TCRBV19-01,TCRBJ02-03,I
"FFSNVTWFH,FLPFFSNVT,LPFFSNVTW,LPFFSNVTWF,PFFSNVTWF,SNVTWFHAI",ePD84,21725,21766,surface glycoprotein,CASSLRSTDTQYF,TCRBV19-01,TCRBJ02-03,I
"FFSNVTWFH,FLPFFSNVT,LPFFSNVTW,LPFFSNVTWF,PFFSNVTWF,SNVTWFHAI",ePD84,21725,21766,surface glycoprotein,CASSQRSTDTQYF,TCRBV19-01,TCRBJ02-03,I
"FFSNVTWFH,FLPFFSNVT,LPFFSNVTW,LPFFSNVTWF,PFFSNVTWF,SNVTWFHAI",eJL148,21725,21766,surface glycoprotein,CASSMRSAYEQYF,TCRBV19-01,TCRBJ02-07,I
"FFSNVTWFH,FLPFFSNVT,LPFFSNVTW,LPFFSNVTWF,PFFSNVTWF,SNVTWFHAI",ePD84,21725,21766,surface glycoprotein,CASSIRSTGELFF,TCRBV19-01,TCRBJ02-02,I
"FFSNVTWFH,FLPFFSNVT,LPFFSNVTW,LPFFSNVTWF,PFFSNVTWF,SNVTWFHAI",ePD84,21725,21766,surface glycoprotein,CASSSRSAYEQYF,TCRBV19-01,TCRBJ02-07,I
"FFSNVTWFH,FLPFFSNVT,LPFFSNVTW,LPFFSNVTWF,PFFSNVTWF,SNVTWFHAI",ePD84,21725,21766,surface glycoprotein,CASSSRSTGELFF,TCRBV19-01,TCRBJ02-02,I
"FFSNVTWFH,FLPFFSNVT,LPFFSNVTW,LPFFSNVTWF,PFFSNVTWF,SNVTWFHAI",ePD84,21725,21766,surface glycoprotein,CASSGRAGDTQYF,TCRBV19-01,TCRBJ02-03,I
"FFSNVTWFH,FLPFFSNVT,LPFFSNVTW,LPFFSNVTWF,PFFSNVTWF,SNVTWFHAI",ePD84,21725,21766,surface glycoprotein,CASSIRSGVEQYF,TCRBV19-01,TCRBJ02-07,I
"FFSNVTWFH,FLPFFSNVT,LPFFSNVTW,LPFFSNVTWF,PFFSNVTWF,SNVTWFHAI",ePD83,21725,21766,surface glycoprotein,CASSIRSTGELFF,TCRBV19-01,TCRBJ02-02,I
"FFSNVTWFH,FLPFFSNVT,LPFFSNVTW,LPFFSNVTWF,PFFSNVTWF,SNVTWFHAI",eQD124,21725,21766,surface glycoprotein,CASSARSTGELFF,TCRBV19-01,TCRBJ02-02,I
"FFSNVTWFH,FLPFFSNVT,LPFFSNVTW,LPFFSNVTWF,PFFSNVTWF,SNVTWFHAI",eQD123,21725,21766,surface glycoprotein,CASSRRSTDTQYF,TCRBV19-01,TCRBJ02-03,I
"FFSNVTWFH,FLPFFSNVT,LPFFSNVTW,LPFFSNVTWF,PFFSNVTWF,SNVTWFHAI",eQD123,21725,21766,surface glycoprotein,CASSMRSTDTQYF,TCRBV19-01,TCRBJ02-03,I
"FFSNVTWFH,FLPFFSNVT,LPFFSNVTW,LPFFSNVTWF,PFFSNVTWF,SNVTWFHAI",ePD76,21725,21766,surface glycoprotein,CASSIRSSYEQYF,TCRBV19-01,TCRBJ02-07,I
"FFSNVTWFH,FLPFFSNVT,LPFFSNVTW,LPFFSNVTWF,PFFSNVTWF,SNVTWFHAI",eQD123,21725,21766,surface glycoprotein,CASSIFSNQPQHF,TCRBV19-01,TCRBJ01-05,I
"FFSNVTWFH,FLPFFSNVT,LPFFSNVTW,LPFFSNVTWF,PFFSNVTWF,SNVTWFHAI",eQD137,21725,21766,surface glycoprotein,CASSIRSSYEQYF,TCRBV19-01,TCRBJ02-07,I
"FFSNVTWFH,FLPFFSNVT,LPFFSNVTW,LPFFSNVTWF,PFFSNVTWF,SNVTWFHAI",eMR16,21725,21766,surface glycoprotein,CASSIRSSHEQFF,TCRBV19-01,TCRBJ02-01,I
"FFSNVTWFH,FLPFFSNVT,LPFFSNVTW,LPFFSNVTWF,PFFSNVTWF,SNVTWFHAI",eQD124,21725,21766,surface glycoprotein,CASSSRSTDTQYF,TCRBV19-01,TCRBJ02-03,I
"FFSNVTWFH,FLPFFSNVT,LPFFSNVTW,LPFFSNVTWF,PFFSNVTWF,SNVTWFHAI",eQD123,21725,21766,surface glycoprotein,CASSSRSTDTQYF,TCRBV19-01,TCRBJ02-03,I
"FFSNVTWFH,FLPFFSNVT,LPFFSNVTW,LPFFSNVTWF,PFFSNVTWF,SNVTWFHAI",ePD83,21725,21766,surface glycoprotein,CASSPRSGIEQFF,TCRBV19-01,TCRBJ02-01,I
"FFSNVTWFH,FLPFFSNVT,LPFFSNVTW,LPFFSNVTWF,PFFSNVTWF,SNVTWFHAI",eMR20,21725,21766,surface glycoprotein,CASSIGSYGYTF,TCRBV19-01,TCRBJ01-02,I
"FFSNVTWFH,FLPFFSNVT,LPFFSNVTW,LPFFSNVTWF,PFFSNVTWF,SNVTWFHAI",eQD137,21725,21766,surface glycoprotein,CASSIRSAYEQYF,TCRBV19-01,TCRBJ02-07,I
"FFSNVTWFH,FLPFFSNVT,LPFFSNVTW,LPFFSNVTWF,PFFSNVTWF,SNVTWFHAI",eQD123,21725,21766,surface glycoprotein,CASSIRSSYEQYF,TCRBV19-01,TCRBJ02-07,I
"FFSNVTWFH,FLPFFSNVT,LPFFSNVTW,LPFFSNVTWF,PFFSNVTWF,SNVTWFHAI",ePD83,21725,21766,surface glycoprotein,CASSIRSGETQYF,TCRBV19-01,TCRBJ02-05,I
"FFSNVTWFH,FLPFFSNVT,LPFFSNVTW,LPFFSNVTWF,PFFSNVTWF,SNVTWFHAI",eQD123,21725,21766,surface glycoprotein,CASSVYSNQPQHF,TCRBV19-01,TCRBJ01-05,I
"FFSNVTWFH,FLPFFSNVT,LPFFSNVTW,LPFFSNVTWF,PFFSNVTWF,SNVTWFHAI",eMR16,21725,21766,surface glycoprotein,CASSLRSSYEQYF,TCRBV19-01,TCRBJ02-07,I
"FFSNVTWFH,FLPFFSNVT,LPFFSNVTW,LPFFSNVTWF,PFFSNVTWF,SNVTWFHAI",ePD83,21725,21766,surface glycoprotein,CASSLRSTGELFF,TCRBV19-01,TCRBJ02-02,I
"FFSNVTWFH,FLPFFSNVT,LPFFSNVTW,LPFFSNVTWF,PFFSNVTWF,SNVTWFHAI",ePD76,21725,21766,surface glycoprotein,CASSIRSAYEQYF,TCRBV19-01,TCRBJ02-07,I
"FFSNVTWFH,FLPFFSNVT,LPFFSNVTW,LPFFSNVTWF,PFFSNVTWF,SNVTWFHAI",eMR20,21725,21766,surface glycoprotein,CASSSRSAYEQYF,TCRBV19-01,TCRBJ02-07,I
"FFSNVTWFH,FLPFFSNVT,LPFFSNVTW,LPFFSNVTWF,PFFSNVTWF,SNVTWFHAI",eQD123,21725,21766,surface glycoprotein,CASSIRSTDTQYF,TCRBV19-01,TCRBJ02-03,I
"FFSNVTWFH,FLPFFSNVT,LPFFSNVTW,LPFFSNVTWF,PFFSNVTWF,SNVTWFHAI",eQD123,21725,21766,surface glycoprotein,CASSIRSGYEQFF,TCRBV19-01,TCRBJ02-01,I
"FFSNVTWFH,FLPFFSNVT,LPFFSNVTW,LPFFSNVTWF,PFFSNVTWF,SNVTWFHAI",eMR16,21725,21766,surface glycoprotein,CASSTRSSYEQYF,TCRBV19-01,TCRBJ02-07,I
"FFSNVTWFH,FLPFFSNVT,LPFFSNVTW,LPFFSNVTWF,PFFSNVTWF,SNVTWFHAI",eMR20,21725,21766,surface glycoprotein,CASSIRSSYEQYF,TCRBV19-01,TCRBJ02-07,I
"FFSNVTWFH,FLPFFSNVT,LPFFSNVTW,LPFFSNVTWF,PFFSNVTWF,SNVTWFHAI",eQD123,21725,21766,surface glycoprotein,CASSSRSAYEQYF,TCRBV19-01,TCRBJ02-07,I
"FFSNVTWFH,FLPFFSNVT,LPFFSNVTW,LPFFSNVTWF,PFFSNVTWF,SNVTWFHAI",eEE243,21725,21766,surface glycoprotein,CASSIRSAYEQYF,TCRBV19-01,TCRBJ02-07,I
"FFSNVTWFH,FLPFFSNVT,LPFFSNVTW,LPFFSNVTWF,PFFSNVTWF,SNVTWFHAI",eEE243,21725,21766,surface glycoprotein,CASSIRSSYEQYF,TCRBV19-01,TCRBJ02-07,I
"FFSNVTWFH,FLPFFSNVT,LPFFSNVTW,LPFFSNVTWF,PFFSNVTWF,SNVTWFHAI",eHH173,21725,21766,surface glycoprotein,CASSIRSSYEQYF,TCRBV19-01,TCRBJ02-07,I
"FFSNVTWFH,FLPFFSNVT,LPFFSNVTW,LPFFSNVTWF,PFFSNVTWF,SNVTWFHAI",eHH174,21725,21766,surface glycoprotein,CASSIRSSYEQYF,TCRBV19-01,TCRBJ02-07,I
"FFSNVTWFH,FLPFFSNVT,LPFFSNVTW,LPFFSNVTWF,PFFSNVTWF,SNVTWFHAI",eEE243,21725,21766,surface glycoprotein,CASSMRSSYEQYF,TCRBV19-01,TCRBJ02-07,I
"FFSNVTWFH,FLPFFSNVT,LPFFSNVTW,LPFFSNVTWF,PFFSNVTWF,SNVTWFHAI",eQD124,21725,21766,surface glycoprotein,CASSIRSSYEQYF,TCRBV19-01,TCRBJ02-07,I
"FFSNVTWFH,FLPFFSNVT,LPFFSNVTW,LPFFSNVTWF,PFFSNVTWF,SNVTWFHAI",eQD123,21725,21766,surface glycoprotein,CASSIRSAYEQYF,TCRBV19-01,TCRBJ02-07,I
"FFSNVTWFH,FLPFFSNVT,LPFFSNVTW,LPFFSNVTWF,PFFSNVTWF,SNVTWFHAI",eEE243,21725,21766,surface glycoprotein,CASSTRSGIEQFF,TCRBV19-01,TCRBJ02-01,I
"FFSNVTWFH,FLPFFSNVT,LPFFSNVTW,LPFFSNVTWF,PFFSNVTWF,SNVTWFHAI",eHH173,21725,21766,surface glycoprotein,CASSIRSAGELFF,TCRBV19-01,TCRBJ02-02,I
"FFSNVTWFH,FLPFFSNVT,LPFFSNVTW,LPFFSNVTWF,PFFSNVTWF,SNVTWFHAI",eEE243,21725,21766,surface glycoprotein,CASSIRSVGELFF,TCRBV19-01,TCRBJ02-02,I
"FFSNVTWFH,FLPFFSNVT,LPFFSNVTW,LPFFSNVTWF,PFFSNVTWF,SNVTWFHAI",eEE243,21725,21766,surface glycoprotein,CASSIRSSTEAFF,TCRBV19-01,TCRBJ01-01,I
"FFSNVTWFH,FLPFFSNVT,LPFFSNVTW,LPFFSNVTWF,PFFSNVTWF,SNVTWFHAI",eEE243,21725,21766,surface glycoprotein,CASSVRSAYEQYF,TCRBV19-01,TCRBJ02-07,I
"FFSNVTWFH,FLPFFSNVT,LPFFSNVTW,LPFFSNVTWF,PFFSNVTWF,SNVTWFHAI",eHH169,21725,21766,surface glycoprotein,CASSIRSSYEQYF,TCRBV19-01,TCRBJ02-07,I
"FFSNVTWFH,FLPFFSNVT,LPFFSNVTW,LPFFSNVTWF,PFFSNVTWF,SNVTWFHAI",eEE243,21725,21766,surface glycoprotein,CASSTRSAYEQYF,TCRBV19-01,TCRBJ02-07,I
"FFSNVTWFH,FLPFFSNVT,LPFFSNVTW,LPFFSNVTWF,PFFSNVTWF,SNVTWFHAI",eQD123,21725,21766,surface glycoprotein,CASSPRSTDTQYF,TCRBV19-01,TCRBJ02-03,I
"FFSNVTWFH,FLPFFSNVT,LPFFSNVTW,LPFFSNVTWF,PFFSNVTWF,SNVTWFHAI",eEE243,21725,21766,surface glycoprotein,CASSSRSANEQFF,TCRBV19-01,TCRBJ02-01,I
"FFSNVTWFH,FLPFFSNVT,LPFFSNVTW,LPFFSNVTWF,PFFSNVTWF,SNVTWFHAI",eHH169,21725,21766,surface glycoprotein,CASSTRSAYEQYF,TCRBV19-01,TCRBJ02-07,I
"FFSNVTWFH,FLPFFSNVT,LPFFSNVTW,LPFFSNVTWF,PFFSNVTWF,SNVTWFHAI",eHH169,21725,21766,surface glycoprotein,CASSVRSTDTQYF,TCRBV19-01,TCRBJ02-03,I
"FFSNVTWFH,FLPFFSNVT,LPFFSNVTW,LPFFSNVTWF,PFFSNVTWF,SNVTWFHAI",eEE243,21725,21766,surface glycoprotein,CASSTRSTGELFF,TCRBV19-01,TCRBJ02-02,I
"FFSNVTWFH,FLPFFSNVT,LPFFSNVTW,LPFFSNVTWF,PFFSNVTWF,SNVTWFHAI",eOX46,21725,21766,surface glycoprotein,CASSIRSGYEQYF,TCRBV19-01,TCRBJ02-07,I
"FFSNVTWFH,FLPFFSNVT,LPFFSNVTW,LPFFSNVTWF,PFFSNVTWF,SNVTWFHAI",eOX46,21725,21766,surface glycoprotein,CASSIRSSYEQYF,TCRBV19-01,TCRBJ02-07,I
"FFSNVTWFH,FLPFFSNVT,LPFFSNVTW,LPFFSNVTWF,PFFSNVTWF,SNVTWFHAI",eHH169,21725,21766,surface glycoprotein,CASSTRAGVEQYF,TCRBV19-01,TCRBJ02-07,I
"FFSNVTWFH,FLPFFSNVT,LPFFSNVTW,LPFFSNVTWF,PFFSNVTWF,SNVTWFHAI",eOX46,21725,21766,surface glycoprotein,CASSIRSQDTQYF,TCRBV19-01,TCRBJ02-03,I
"FFSNVTWFH,FLPFFSNVT,LPFFSNVTW,LPFFSNVTWF,PFFSNVTWF,SNVTWFHAI",eEE243,21725,21766,surface glycoprotein,CASSIRSTETQYF,TCRBV19-01,TCRBJ02-05,I
"FFSNVTWFH,FLPFFSNVT,LPFFSNVTW,LPFFSNVTWF,PFFSNVTWF,SNVTWFHAI",eOX46,21725,21766,surface glycoprotein,CASSIRASYEQYF,TCRBV19-01,TCRBJ02-07,I
"FFSNVTWFH,FLPFFSNVT,LPFFSNVTW,LPFFSNVTWF,PFFSNVTWF,SNVTWFHAI",eOX46,21725,21766,surface glycoprotein,CASSTRASYEQYF,TCRBV19-01,TCRBJ02-07,I
"FFSNVTWFH,FLPFFSNVT,LPFFSNVTW,LPFFSNVTWF,PFFSNVTWF,SNVTWFHAI",eOX46,21725,21766,surface glycoprotein,CASSIGYYGYTF,TCRBV19-01,TCRBJ01-02,I
"FFSNVTWFH,FLPFFSNVT,LPFFSNVTW,LPFFSNVTWF,PFFSNVTWF,SNVTWFHAI",eOX46,21725,21766,surface glycoprotein,CASSIRSAYEQYF,TCRBV19-01,TCRBJ02-07,I
"FFSNVTWFH,FLPFFSNVT,LPFFSNVTW,LPFFSNVTWF,PFFSNVTWF,SNVTWFHAI",eEE243,21725,21766,surface glycoprotein,CASSQGSYGYTF,TCRBV19-01,TCRBJ01-02,I
"FFSNVTWFH,FLPFFSNVT,LPFFSNVTW,LPFFSNVTWF,PFFSNVTWF,SNVTWFHAI",eOX46,21725,21766,surface glycoprotein,CASSLRSAYEQYF,TCRBV19-01,TCRBJ02-07,I
"FFSNVTWFH,FLPFFSNVT,LPFFSNVTW,LPFFSNVTWF,PFFSNVTWF,SNVTWFHAI",eHH174,21725,21766,surface glycoprotein,CASSIRSAGELFF,TCRBV19-01,TCRBJ02-02,I
"FFSNVTWFH,FLPFFSNVT,LPFFSNVTW,LPFFSNVTWF,PFFSNVTWF,SNVTWFHAI",eHH173,21725,21766,surface glycoprotein,CASSYRSSYEQYF,TCRBV19-01,TCRBJ02-07,I
"FFSNVTWFH,FLPFFSNVT,LPFFSNVTW,LPFFSNVTWF,PFFSNVTWF,SNVTWFHAI",eOX46,21725,21766,surface glycoprotein,CASSFRSSYEQYF,TCRBV19-01,TCRBJ02-07,I
"FFSNVTWFH,FLPFFSNVT,LPFFSNVTW,LPFFSNVTWF,PFFSNVTWF,SNVTWFHAI",eOX46,21725,21766,surface glycoprotein,CASSSRSSYEQYF,TCRBV19-01,TCRBJ02-07,I
"FFSNVTWFH,FLPFFSNVT,LPFFSNVTW,LPFFSNVTWF,PFFSNVTWF,SNVTWFHAI",eEE243,21725,21766,surface glycoprotein,CASSIYSNTEAFF,TCRBV19-01,TCRBJ01-01,I
"FFSNVTWFH,FLPFFSNVT,LPFFSNVTW,LPFFSNVTWF,PFFSNVTWF,SNVTWFHAI",eOX46,21725,21766,surface glycoprotein,CASSVRSSYEQYF,TCRBV19-01,TCRBJ02-07,I
"FFSNVTWFH,FLPFFSNVT,LPFFSNVTW,LPFFSNVTWF,PFFSNVTWF,SNVTWFHAI",eHH169,21725,21766,surface glycoprotein,CASSTRSTGELFF,TCRBV19-01,TCRBJ02-02,I
"FFSNVTWFH,FLPFFSNVT,LPFFSNVTW,LPFFSNVTWF,PFFSNVTWF,SNVTWFHAI",eOX46,21725,21766,surface glycoprotein,CASSIVSRDTQYF,TCRBV19-01,TCRBJ02-03,I
"FFSNVTWFH,FLPFFSNVT,LPFFSNVTW,LPFFSNVTWF,PFFSNVTWF,SNVTWFHAI",eHH170,21725,21766,surface glycoprotein,CASSTRSTGELFF,TCRBV19-01,TCRBJ02-02,I
"FFSNVTWFH,FLPFFSNVT,LPFFSNVTW,LPFFSNVTWF,PFFSNVTWF,SNVTWFHAI",eOX46,21725,21766,surface glycoprotein,CASSTRSSYEQYF,TCRBV19-01,TCRBJ02-07,I
"FFSNVTWFH,FLPFFSNVT,LPFFSNVTW,LPFFSNVTWF,PFFSNVTWF,SNVTWFHAI",eEE243,21725,21766,surface glycoprotein,CASSIRSTYEQYF,TCRBV19-01,TCRBJ02-07,I
"FFSNVTWFH,FLPFFSNVT,LPFFSNVTW,LPFFSNVTWF,PFFSNVTWF,SNVTWFHAI",eEE243,21725,21766,surface glycoprotein,CASSTRSSYEQYF,TCRBV19-01,TCRBJ02-07,I
"FFSNVTWFH,FLPFFSNVT,LPFFSNVTW,LPFFSNVTWF,PFFSNVTWF,SNVTWFHAI",eOX46,21725,21766,surface glycoprotein,CASSIYSNQPQHF,TCRBV19-01,TCRBJ01-05,I
"FFSNVTWFH,FLPFFSNVT,LPFFSNVTW,LPFFSNVTWF,PFFSNVTWF,SNVTWFHAI",eEE228,21725,21766,surface glycoprotein,CASSIRSTYEQYF,TCRBV19-01,TCRBJ02-07,I
"FFSNVTWFH,FLPFFSNVT,LPFFSNVTW,LPFFSNVTWF,PFFSNVTWF,SNVTWFHAI",eOX46,21725,21766,surface glycoprotein,CASSIRAGYEQYF,TCRBV19-01,TCRBJ02-07,I
"FFSNVTWFH,FLPFFSNVT,LPFFSNVTW,LPFFSNVTWF,PFFSNVTWF,SNVTWFHAI",eEE228,21725,21766,surface glycoprotein,CASSIRSSYEQYF,TCRBV19-01,TCRBJ02-07,I
"FFSNVTWFH,FLPFFSNVT,LPFFSNVTW,LPFFSNVTWF,PFFSNVTWF,SNVTWFHAI",eOX46,21725,21766,surface glycoprotein,CASSPRSSDTQYF,TCRBV19-01,TCRBJ02-03,I
"FFSNVTWFH,FLPFFSNVT,LPFFSNVTW,LPFFSNVTWF,PFFSNVTWF,SNVTWFHAI",eEE228,21725,21766,surface glycoprotein,CASSIRSAYEQYF,TCRBV19-01,TCRBJ02-07,I
"FFSNVTWFH,FLPFFSNVT,LPFFSNVTW,LPFFSNVTWF,PFFSNVTWF,SNVTWFHAI",eOX46,21725,21766,surface glycoprotein,CASSIGSYGYTF,TCRBV19-01,TCRBJ01-02,I
"FFSNVTWFH,FLPFFSNVT,LPFFSNVTW,LPFFSNVTWF,PFFSNVTWF,SNVTWFHAI",eEE228,21725,21766,surface glycoprotein,CASSSRSSYEQYF,TCRBV19-01,TCRBJ02-07,I
"FFSNVTWFH,FLPFFSNVT,LPFFSNVTW,LPFFSNVTWF,PFFSNVTWF,SNVTWFHAI",eEE228,21725,21766,surface glycoprotein,CASSIRSQDTQYF,TCRBV19-01,TCRBJ02-03,I
"FFSNVTWFH,FLPFFSNVT,LPFFSNVTW,LPFFSNVTWF,PFFSNVTWF,SNVTWFHAI",eEE228,21725,21766,surface glycoprotein,CASSVRSTDTQYF,TCRBV19-01,TCRBJ02-03,I
"FFSNVTWFH,FLPFFSNVT,LPFFSNVTW,LPFFSNVTWF,PFFSNVTWF,SNVTWFHAI",eOX46,21725,21766,surface glycoprotein,CASSIRSTYEQYF,TCRBV19-01,TCRBJ02-07,I
"FFSNVTWFH,FLPFFSNVT,LPFFSNVTW,LPFFSNVTWF,PFFSNVTWF,SNVTWFHAI",eEE228,21725,21766,surface glycoprotein,CASSMGSYGYTF,TCRBV19-01,TCRBJ01-02,I
"FFSNVTWFH,FLPFFSNVT,LPFFSNVTW,LPFFSNVTWF,PFFSNVTWF,SNVTWFHAI",eEE228,21725,21766,surface glycoprotein,CASSIRSGYEQYF,TCRBV19-01,TCRBJ02-07,I
"FFSNVTWFH,FLPFFSNVT,LPFFSNVTW,LPFFSNVTWF,PFFSNVTWF,SNVTWFHAI",eOX46,21725,21766,surface glycoprotein,CASSTRSGQPQHF,TCRBV19-01,TCRBJ01-05,I
"FFSNVTWFH,FLPFFSNVT,LPFFSNVTW,LPFFSNVTWF,PFFSNVTWF,SNVTWFHAI",eOX46,21725,21766,surface glycoprotein,CASSGRSTGELFF,TCRBV19-01,TCRBJ02-02,I
"FFSNVTWFH,FLPFFSNVT,LPFFSNVTW,LPFFSNVTWF,PFFSNVTWF,SNVTWFHAI",eOX46,21725,21766,surface glycoprotein,CASSTRSAYEQYF,TCRBV19-01,TCRBJ02-07,I
"FFSNVTWFH,FLPFFSNVT,LPFFSNVTW,LPFFSNVTWF,PFFSNVTWF,SNVTWFHAI",eEE228,21725,21766,surface glycoprotein,CASSIRSDEKLFF,TCRBV19-01,TCRBJ01-04,I
"FFSNVTWFH,FLPFFSNVT,LPFFSNVTW,LPFFSNVTWF,PFFSNVTWF,SNVTWFHAI",eEE228,21725,21766,surface glycoprotein,CASSIRAGYEQYF,TCRBV19-01,TCRBJ02-07,I
"FFSNVTWFH,FLPFFSNVT,LPFFSNVTW,LPFFSNVTWF,PFFSNVTWF,SNVTWFHAI",eOX46,21725,21766,surface glycoprotein,CASSTGSYGYTF,TCRBV19-01,TCRBJ01-02,I
"FFSNVTWFH,FLPFFSNVT,LPFFSNVTW,LPFFSNVTWF,PFFSNVTWF,SNVTWFHAI",eEE228,21725,21766,surface glycoprotein,CASSTRSTYEQYF,TCRBV19-01,TCRBJ02-07,I
"FFSNVTWFH,FLPFFSNVT,LPFFSNVTW,LPFFSNVTWF,PFFSNVTWF,SNVTWFHAI",eOX46,21725,21766,surface glycoprotein,CASSQGSYGYTF,TCRBV19-01,TCRBJ01-02,I
"FFSNVTWFH,FLPFFSNVT,LPFFSNVTW,LPFFSNVTWF,PFFSNVTWF,SNVTWFHAI",eOX46,21725,21766,surface glycoprotein,CASSIRSSYEQFF,TCRBV19-01,TCRBJ02-01,I
"FFSNVTWFH,FLPFFSNVT,LPFFSNVTW,LPFFSNVTWF,PFFSNVTWF,SNVTWFHAI",eEE228,21725,21766,surface glycoprotein,CASSIGLWGYTF,TCRBV19-01,TCRBJ01-02,I
"FFSNVTWFH,FLPFFSNVT,LPFFSNVTW,LPFFSNVTWF,PFFSNVTWF,SNVTWFHAI",eOX46,21725,21766,surface glycoprotein,CASSTSSTGELFF,TCRBV19-01,TCRBJ02-02,I
"FFSNVTWFH,FLPFFSNVT,LPFFSNVTW,LPFFSNVTWF,PFFSNVTWF,SNVTWFHAI",eOX46,21725,21766,surface glycoprotein,CASSSRSAYEQYF,TCRBV19-01,TCRBJ02-07,I
"FFSNVTWFH,FLPFFSNVT,LPFFSNVTW,LPFFSNVTWF,PFFSNVTWF,SNVTWFHAI",eEE228,21725,21766,surface glycoprotein,CASSSRAAYEQYF,TCRBV19-01,TCRBJ02-07,I
"FFSNVTWFH,FLPFFSNVT,LPFFSNVTW,LPFFSNVTWF,PFFSNVTWF,SNVTWFHAI",eEE228,21725,21766,surface glycoprotein,CASSLRSSYEQYF,TCRBV19-01,TCRBJ02-07,I
"FFSNVTWFH,FLPFFSNVT,LPFFSNVTW,LPFFSNVTWF,PFFSNVTWF,SNVTWFHAI",eOX46,21725,21766,surface glycoprotein,CASSIGLYGYTF,TCRBV19-01,TCRBJ01-02,I
"FFSNVTWFH,FLPFFSNVT,LPFFSNVTW,LPFFSNVTWF,PFFSNVTWF,SNVTWFHAI",eEE228,21725,21766,surface glycoprotein,CASSVRSSYEQYF,TCRBV19-01,TCRBJ02-07,I
"FFSNVTWFH,FLPFFSNVT,LPFFSNVTW,LPFFSNVTWF,PFFSNVTWF,SNVTWFHAI",eOX46,21725,21766,surface glycoprotein,CASSMRSAYEQYF,TCRBV19-01,TCRBJ02-07,I
"FFSNVTWFH,FLPFFSNVT,LPFFSNVTW,LPFFSNVTWF,PFFSNVTWF,SNVTWFHAI",eOX46,21725,21766,surface glycoprotein,CASSGRSTDTQYF,TCRBV19-01,TCRBJ02-03,I
"FFSNVTWFH,FLPFFSNVT,LPFFSNVTW,LPFFSNVTWF,PFFSNVTWF,SNVTWFHAI",eEE226,21725,21766,surface glycoprotein,CASSLRSTGELFF,TCRBV19-01,TCRBJ02-02,I
"FFSNVTWFH,FLPFFSNVT,LPFFSNVTW,LPFFSNVTWF,PFFSNVTWF,SNVTWFHAI",eEE228,21725,21766,surface glycoprotein,CASSIYSNQPQHF,TCRBV19-01,TCRBJ01-05,I
"FFSNVTWFH,FLPFFSNVT,LPFFSNVTW,LPFFSNVTWF,PFFSNVTWF,SNVTWFHAI",eOX46,21725,21766,surface glycoprotein,CASSVRSTDTQYF,TCRBV19-01,TCRBJ02-03,I
"FFSNVTWFH,FLPFFSNVT,LPFFSNVTW,LPFFSNVTWF,PFFSNVTWF,SNVTWFHAI",eEE228,21725,21766,surface glycoprotein,CASSFRSTDTQYF,TCRBV19-01,TCRBJ02-03,I
"FFSNVTWFH,FLPFFSNVT,LPFFSNVTW,LPFFSNVTWF,PFFSNVTWF,SNVTWFHAI",eOX46,21725,21766,surface glycoprotein,CASSIGVYGYTF,TCRBV19-01,TCRBJ01-02,I
"FFSNVTWFH,FLPFFSNVT,LPFFSNVTW,LPFFSNVTWF,PFFSNVTWF,SNVTWFHAI",eEE228,21725,21766,surface glycoprotein,CASSTRSGQPQHF,TCRBV19-01,TCRBJ01-05,I
"FFSNVTWFH,FLPFFSNVT,LPFFSNVTW,LPFFSNVTWF,PFFSNVTWF,SNVTWFHAI",eEE228,21725,21766,surface glycoprotein,CASSIGVYGYTF,TCRBV19-01,TCRBJ01-02,I
"FFSNVTWFH,FLPFFSNVT,LPFFSNVTW,LPFFSNVTWF,PFFSNVTWF,SNVTWFHAI",eEE228,21725,21766,surface glycoprotein,CASSSRSSDTQYF,TCRBV19-01,TCRBJ02-03,I
"FFSNVTWFH,FLPFFSNVT,LPFFSNVTW,LPFFSNVTWF,PFFSNVTWF,SNVTWFHAI",eEE228,21725,21766,surface glycoprotein,CASSSRSAYEQYF,TCRBV19-01,TCRBJ02-07,I
"FFSNVTWFH,FLPFFSNVT,LPFFSNVTW,LPFFSNVTWF,PFFSNVTWF,SNVTWFHAI",eEE228,21725,21766,surface glycoprotein,CASSIGSYGYTF,TCRBV19-01,TCRBJ01-02,I
"FFSNVTWFH,FLPFFSNVT,LPFFSNVTW,LPFFSNVTWF,PFFSNVTWF,SNVTWFHAI",eOX46,21725,21766,surface glycoprotein,CASSTGAYGYTF,TCRBV19-01,TCRBJ01-02,I
"FFSNVTWFH,FLPFFSNVT,LPFFSNVTW,LPFFSNVTWF,PFFSNVTWF,SNVTWFHAI",eEE228,21725,21766,surface glycoprotein,CASSTRSAYEQYF,TCRBV19-01,TCRBJ02-07,I
"FFSNVTWFH,FLPFFSNVT,LPFFSNVTW,LPFFSNVTWF,PFFSNVTWF,SNVTWFHAI",eOX46,21725,21766,surface glycoprotein,CASSTGLYGYTF,TCRBV19-01,TCRBJ01-02,I
"FFSNVTWFH,FLPFFSNVT,LPFFSNVTW,LPFFSNVTWF,PFFSNVTWF,SNVTWFHAI",eEE228,21725,21766,surface glycoprotein,CASSTRSSYEQYF,TCRBV19-01,TCRBJ02-07,I
"FFSNVTWFH,FLPFFSNVT,LPFFSNVTW,LPFFSNVTWF,PFFSNVTWF,SNVTWFHAI",eOX46,21725,21766,surface glycoprotein,CASSMGSYGYTF,TCRBV19-01,TCRBJ01-02,I
"FFSNVTWFH,FLPFFSNVT,LPFFSNVTW,LPFFSNVTWF,PFFSNVTWF,SNVTWFHAI",eOX46,21725,21766,surface glycoprotein,CASSIRSDEKLFF,TCRBV19-01,TCRBJ01-04,I
"FFSNVTWFH,FLPFFSNVT,LPFFSNVTW,LPFFSNVTWF,PFFSNVTWF,SNVTWFHAI",eOX46,21725,21766,surface glycoprotein,CASSIGAYGYTF,TCRBV19-01,TCRBJ01-02,I
"FFSNVTWFH,FLPFFSNVT,LPFFSNVTW,LPFFSNVTWF,PFFSNVTWF,SNVTWFHAI",eEE228,21725,21766,surface glycoprotein,CASSMRSAYEQYF,TCRBV19-01,TCRBJ02-07,I
"FFSNVTWFH,FLPFFSNVT,LPFFSNVTW,LPFFSNVTWF,PFFSNVTWF,SNVTWFHAI",eEE228,21725,21766,surface glycoprotein,CASSHRSTDTQYF,TCRBV19-01,TCRBJ02-03,I
"FFSNVTWFH,FLPFFSNVT,LPFFSNVTW,LPFFSNVTWF,PFFSNVTWF,SNVTWFHAI",eEE228,21725,21766,surface glycoprotein,CASSIVSRDTQYF,TCRBV19-01,TCRBJ02-03,I
"FFSNVTWFH,FLPFFSNVT,LPFFSNVTW,LPFFSNVTWF,PFFSNVTWF,SNVTWFHAI",eEE228,21725,21766,surface glycoprotein,CASSIGAYGYTF,TCRBV19-01,TCRBJ01-02,I
"FFSNVTWFH,FLPFFSNVT,LPFFSNVTW,LPFFSNVTWF,PFFSNVTWF,SNVTWFHAI",eOX46,21725,21766,surface glycoprotein,CASSITGTYNEQFF,TCRBV19-01,TCRBJ02-01,I
"FFSNVTWFH,FLPFFSNVT,LPFFSNVTW,LPFFSNVTWF,PFFSNVTWF,SNVTWFHAI",eOX46,21725,21766,surface glycoprotein,CASSLRSSYEQYF,TCRBV19-01,TCRBJ02-07,I
"FFSNVTWFH,FLPFFSNVT,LPFFSNVTW,LPFFSNVTWF,PFFSNVTWF,SNVTWFHAI",eOX46,21725,21766,surface glycoprotein,CASSTRSTYEQYF,TCRBV19-01,TCRBJ02-07,I
"FFSNVTWFH,FLPFFSNVT,LPFFSNVTW,LPFFSNVTWF,PFFSNVTWF,SNVTWFHAI",eEE228,21725,21766,surface glycoprotein,CASSIRASYEQYF,TCRBV19-01,TCRBJ02-07,I
"FFSNVTWFH,FLPFFSNVT,LPFFSNVTW,LPFFSNVTWF,PFFSNVTWF,SNVTWFHAI",eOX46,21725,21766,surface glycoprotein,CASSFRSTDTQYF,TCRBV19-01,TCRBJ02-03,I
"FFSNVTWFH,FLPFFSNVT,LPFFSNVTW,LPFFSNVTWF,PFFSNVTWF,SNVTWFHAI",eOX46,21725,21766,surface glycoprotein,CASSIGLWGYTF,TCRBV19-01,TCRBJ01-02,I
"FFSNVTWFH,FLPFFSNVT,LPFFSNVTW,LPFFSNVTWF,PFFSNVTWF,SNVTWFHAI",eXL27,21725,21766,surface glycoprotein,CASSISSTGELFF,TCRBV19-01,TCRBJ02-02,I
"FFSNVTWFH,FLPFFSNVT,LPFFSNVTW,LPFFSNVTWF,PFFSNVTWF,SNVTWFHAI",eEE228,21725,21766,surface glycoprotein,CASSSRSTDTQYF,TCRBV19-01,TCRBJ02-03,I
"FFSNVTWFH,FLPFFSNVT,LPFFSNVTW,LPFFSNVTWF,PFFSNVTWF,SNVTWFHAI",eXL27,21725,21766,surface glycoprotein,CASSTRSAYEQYF,TCRBV19-01,TCRBJ02-07,I
"FFSNVTWFH,FLPFFSNVT,LPFFSNVTW,LPFFSNVTWF,PFFSNVTWF,SNVTWFHAI",eEE228,21725,21766,surface glycoprotein,CASSIGLYGYTF,TCRBV19-01,TCRBJ01-02,I
"FFSNVTWFH,FLPFFSNVT,LPFFSNVTW,LPFFSNVTWF,PFFSNVTWF,SNVTWFHAI",eQD115,21725,21766,surface glycoprotein,CASSPRSTDTQYF,TCRBV19-01,TCRBJ02-03,I
"FFSNVTWFH,FLPFFSNVT,LPFFSNVTW,LPFFSNVTWF,PFFSNVTWF,SNVTWFHAI",eEE228,21725,21766,surface glycoprotein,CASSTSSTGELFF,TCRBV19-01,TCRBJ02-02,I
"FFSNVTWFH,FLPFFSNVT,LPFFSNVTW,LPFFSNVTWF,PFFSNVTWF,SNVTWFHAI",eEE228,21725,21766,surface glycoprotein,CASSIRSSYEQFF,TCRBV19-01,TCRBJ02-01,I
"FFSNVTWFH,FLPFFSNVT,LPFFSNVTW,LPFFSNVTWF,PFFSNVTWF,SNVTWFHAI",eXL27,21725,21766,surface glycoprotein,CASSIRSSYEQYF,TCRBV19-01,TCRBJ02-07,I
"FFSNVTWFH,FLPFFSNVT,LPFFSNVTW,LPFFSNVTWF,PFFSNVTWF,SNVTWFHAI",eXL27,21725,21766,surface glycoprotein,CASSGRSTGELFF,TCRBV19-01,TCRBJ02-02,I
"FFSNVTWFH,FLPFFSNVT,LPFFSNVTW,LPFFSNVTWF,PFFSNVTWF,SNVTWFHAI",eEE228,21725,21766,surface glycoprotein,CASSITGTYNEQFF,TCRBV19-01,TCRBJ02-01,I
"FFSNVTWFH,FLPFFSNVT,LPFFSNVTW,LPFFSNVTWF,PFFSNVTWF,SNVTWFHAI",eQD115,21725,21766,surface glycoprotein,CASSIRSSYEQYF,TCRBV19-01,TCRBJ02-07,I
"FFSNVTWFH,FLPFFSNVT,LPFFSNVTW,LPFFSNVTWF,PFFSNVTWF,SNVTWFHAI",eEE228,21725,21766,surface glycoprotein,CASSTGSYGYTF,TCRBV19-01,TCRBJ01-02,I
"FFSNVTWFH,FLPFFSNVT,LPFFSNVTW,LPFFSNVTWF,PFFSNVTWF,SNVTWFHAI",eEE228,21725,21766,surface glycoprotein,CASSQGSYGYTF,TCRBV19-01,TCRBJ01-02,I
"FFSNVTWFH,FLPFFSNVT,LPFFSNVTW,LPFFSNVTWF,PFFSNVTWF,SNVTWFHAI",eXL36,21725,21766,surface glycoprotein,CASSTRSTDTQYF,TCRBV19-01,TCRBJ02-03,I
"FFSNVTWFH,FLPFFSNVT,LPFFSNVTW,LPFFSNVTWF,PFFSNVTWF,SNVTWFHAI",eXL37,21725,21766,surface glycoprotein,CASSIRASYEQYF,TCRBV19-01,TCRBJ02-07,I
"FFSNVTWFH,FLPFFSNVT,LPFFSNVTW,LPFFSNVTWF,PFFSNVTWF,SNVTWFHAI",eXL36,21725,21766,surface glycoprotein,CASSIRSSYEQYF,TCRBV19-01,TCRBJ02-07,I
"FFSNVTWFH,FLPFFSNVT,LPFFSNVTW,LPFFSNVTWF,PFFSNVTWF,SNVTWFHAI",eEE228,21725,21766,surface glycoprotein,CASSTSGANQPQHF,TCRBV19-01,TCRBJ01-05,I
"FFSNVTWFH,FLPFFSNVT,LPFFSNVTW,LPFFSNVTWF,PFFSNVTWF,SNVTWFHAI",eEE228,21725,21766,surface glycoprotein,CASSLGSYGYTF,TCRBV19-01,TCRBJ01-02,I
"FFSNVTWFH,FLPFFSNVT,LPFFSNVTW,LPFFSNVTWF,PFFSNVTWF,SNVTWFHAI",eEE228,21725,21766,surface glycoprotein,CASSGRSTGELFF,TCRBV19-01,TCRBJ02-02,I
"FFSNVTWFH,FLPFFSNVT,LPFFSNVTW,LPFFSNVTWF,PFFSNVTWF,SNVTWFHAI",eEE226,21725,21766,surface glycoprotein,CASSTRSTDTQYF,TCRBV19-01,TCRBJ02-03,I
"FFSNVTWFH,FLPFFSNVT,LPFFSNVTW,LPFFSNVTWF,PFFSNVTWF,SNVTWFHAI",eXL37,21725,21766,surface glycoprotein,CASSIRSAYEQYF,TCRBV19-01,TCRBJ02-07,I
"FFSNVTWFH,FLPFFSNVT,LPFFSNVTW,LPFFSNVTWF,PFFSNVTWF,SNVTWFHAI",eEE228,21725,21766,surface glycoprotein,CASSGRSTDTQYF,TCRBV19-01,TCRBJ02-03,I
"FFSNVTWFH,FLPFFSNVT,LPFFSNVTW,LPFFSNVTWF,PFFSNVTWF,SNVTWFHAI",eOX52,21725,21766,surface glycoprotein,CASSIRSSGEQFF,TCRBV19-01,TCRBJ02-01,I
"FFSNVTWFH,FLPFFSNVT,LPFFSNVTW,LPFFSNVTWF,PFFSNVTWF,SNVTWFHAI",eLH47,21725,21766,surface glycoprotein,CASSIRSDEKLFF,TCRBV19-01,TCRBJ01-04,I
"FFSNVTWFH,FLPFFSNVT,LPFFSNVTW,LPFFSNVTWF,PFFSNVTWF,SNVTWFHAI",eOX52,21725,21766,surface glycoprotein,CASSIRSTGELFF,TCRBV19-01,TCRBJ02-02,I
"FFSNVTWFH,FLPFFSNVT,LPFFSNVTW,LPFFSNVTWF,PFFSNVTWF,SNVTWFHAI",eMR12,21725,21766,surface glycoprotein,CASSIRSSYEQYF,TCRBV19-01,TCRBJ02-07,I
"FFSNVTWFH,FLPFFSNVT,LPFFSNVTW,LPFFSNVTWF,PFFSNVTWF,SNVTWFHAI",eEE228,21725,21766,surface glycoprotein,CASSPRSTDTQYF,TCRBV19-01,TCRBJ02-03,I
"FFSNVTWFH,FLPFFSNVT,LPFFSNVTW,LPFFSNVTWF,PFFSNVTWF,SNVTWFHAI",eLH46,21725,21766,surface glycoprotein,CASSIRSTDTQYF,TCRBV19-01,TCRBJ02-03,I
"FFSNVTWFH,FLPFFSNVT,LPFFSNVTW,LPFFSNVTWF,PFFSNVTWF,SNVTWFHAI",eLH47,21725,21766,surface glycoprotein,CASSTGAYGYTF,TCRBV19-01,TCRBJ01-02,I
"FFSNVTWFH,FLPFFSNVT,LPFFSNVTW,LPFFSNVTWF,PFFSNVTWF,SNVTWFHAI",eOX52,21725,21766,surface glycoprotein,CASSIRAAYEQYF,TCRBV19-01,TCRBJ02-07,I
"FFSNVTWFH,FLPFFSNVT,LPFFSNVTW,LPFFSNVTWF,PFFSNVTWF,SNVTWFHAI",eLH47,21725,21766,surface glycoprotein,CASSGRATGELFF,TCRBV19-01,TCRBJ02-02,I
"FFSNVTWFH,FLPFFSNVT,LPFFSNVTW,LPFFSNVTWF,PFFSNVTWF,SNVTWFHAI",eLH47,21725,21766,surface glycoprotein,CASSIRSSYEQYF,TCRBV19-01,TCRBJ02-07,I
"FFSNVTWFH,FLPFFSNVT,LPFFSNVTW,LPFFSNVTWF,PFFSNVTWF,SNVTWFHAI",eEE228,21725,21766,surface glycoprotein,CASSTRSTDTQYF,TCRBV19-01,TCRBJ02-03,I
"FFSNVTWFH,FLPFFSNVT,LPFFSNVTW,LPFFSNVTWF,PFFSNVTWF,SNVTWFHAI",eLH46,21725,21766,surface glycoprotein,CASSSRSTGELFF,TCRBV19-01,TCRBJ02-02,I
"FFSNVTWFH,FLPFFSNVT,LPFFSNVTW,LPFFSNVTWF,PFFSNVTWF,SNVTWFHAI",eEE228,21725,21766,surface glycoprotein,CASSTRASYEQYF,TCRBV19-01,TCRBJ02-07,I
"FFSNVTWFH,FLPFFSNVT,LPFFSNVTW,LPFFSNVTWF,PFFSNVTWF,SNVTWFHAI",eOX52,21725,21766,surface glycoprotein,CASSTRSGTEQYF,TCRBV19-01,TCRBJ02-07,I
"FFSNVTWFH,FLPFFSNVT,LPFFSNVTW,LPFFSNVTWF,PFFSNVTWF,SNVTWFHAI",eDH96,21725,21766,surface glycoprotein,CASSLRSSYEQYF,TCRBV19-01,TCRBJ02-07,I
"FFSNVTWFH,FLPFFSNVT,LPFFSNVTW,LPFFSNVTWF,PFFSNVTWF,SNVTWFHAI",eEE228,21725,21766,surface glycoprotein,CASSTGAYGYTF,TCRBV19-01,TCRBJ01-02,I
"FFSNVTWFH,FLPFFSNVT,LPFFSNVTW,LPFFSNVTWF,PFFSNVTWF,SNVTWFHAI",eEE228,21725,21766,surface glycoprotein,CASSIGYYGYTF,TCRBV19-01,TCRBJ01-02,I
"FFSNVTWFH,FLPFFSNVT,LPFFSNVTW,LPFFSNVTWF,PFFSNVTWF,SNVTWFHAI",eLH54,21725,21766,surface glycoprotein,CASSIRASYEQYF,TCRBV19-01,TCRBJ02-07,I
"FFSNVTWFH,FLPFFSNVT,LPFFSNVTW,LPFFSNVTWF,PFFSNVTWF,SNVTWFHAI",eEE228,21725,21766,surface glycoprotein,CASSTGLYGYTF,TCRBV19-01,TCRBJ01-02,I
"FFSNVTWFH,FLPFFSNVT,LPFFSNVTW,LPFFSNVTWF,PFFSNVTWF,SNVTWFHAI",eDH96,21725,21766,surface glycoprotein,CASSTRSTDTQYF,TCRBV19-01,TCRBJ02-03,I
"FFSNVTWFH,FLPFFSNVT,LPFFSNVTW,LPFFSNVTWF,PFFSNVTWF,SNVTWFHAI",eLH47,21725,21766,surface glycoprotein,CASSIYSNQPQHF,TCRBV19-01,TCRBJ01-05,I
"FFSNVTWFH,FLPFFSNVT,LPFFSNVTW,LPFFSNVTWF,PFFSNVTWF,SNVTWFHAI",eEE228,21725,21766,surface glycoprotein,CASSLRSAYEQYF,TCRBV19-01,TCRBJ02-07,I
"FFSNVTWFH,FLPFFSNVT,LPFFSNVTW,LPFFSNVTWF,PFFSNVTWF,SNVTWFHAI",eDH113,21725,21766,surface glycoprotein,CASSARSADTQYF,TCRBV19-01,TCRBJ02-03,I
"FFSNVTWFH,FLPFFSNVT,LPFFSNVTW,LPFFSNVTWF,PFFSNVTWF,SNVTWFHAI",eEE228,21725,21766,surface glycoprotein,CASSPRSSDTQYF,TCRBV19-01,TCRBJ02-03,I
"FFSNVTWFH,FLPFFSNVT,LPFFSNVTW,LPFFSNVTWF,PFFSNVTWF,SNVTWFHAI",eDH113,21725,21766,surface glycoprotein,CASSIRSSYEQYF,TCRBV19-01,TCRBJ02-07,I
"FFSNVTWFH,FLPFFSNVT,LPFFSNVTW,LPFFSNVTWF,PFFSNVTWF,SNVTWFHAI",eEE228,21725,21766,surface glycoprotein,CASSLRSTDTQYF,TCRBV19-01,TCRBJ02-03,I
"FFSNVTWFH,FLPFFSNVT,LPFFSNVTW,LPFFSNVTWF,PFFSNVTWF,SNVTWFHAI",eLH46,21725,21766,surface glycoprotein,CASSMGIYGYTF,TCRBV19-01,TCRBJ01-02,I
"FFSNVTWFH,FLPFFSNVT,LPFFSNVTW,LPFFSNVTWF,PFFSNVTWF,SNVTWFHAI",eEE226,21725,21766,surface glycoprotein,CASSIRSSYEQYF,TCRBV19-01,TCRBJ02-07,I
"FFSNVTWFH,FLPFFSNVT,LPFFSNVTW,LPFFSNVTWF,PFFSNVTWF,SNVTWFHAI",eLH47,21725,21766,surface glycoprotein,CASSPRSAYEQYF,TCRBV19-01,TCRBJ02-07,I
"FFSNVTWFH,FLPFFSNVT,LPFFSNVTW,LPFFSNVTWF,PFFSNVTWF,SNVTWFHAI",eLH47,21725,21766,surface glycoprotein,CASSIRSAYEQYF,TCRBV19-01,TCRBJ02-07,I
"FFSNVTWFH,FLPFFSNVT,LPFFSNVTW,LPFFSNVTWF,PFFSNVTWF,SNVTWFHAI",eLH47,21725,21766,surface glycoprotein,CASSIRASYEQYF,TCRBV19-01,TCRBJ02-07,I
"FFSNVTWFH,FLPFFSNVT,LPFFSNVTW,LPFFSNVTWF,PFFSNVTWF,SNVTWFHAI",eXL37,21725,21766,surface glycoprotein,CASSIRSSYEQYF,TCRBV19-01,TCRBJ02-07,I
"FFSNVTWFH,FLPFFSNVT,LPFFSNVTW,LPFFSNVTWF,PFFSNVTWF,SNVTWFHAI",eLH47,21725,21766,surface glycoprotein,CASSGRSTDTQYF,TCRBV19-01,TCRBJ02-03,I
"FFSNVTWFH,FLPFFSNVT,LPFFSNVTW,LPFFSNVTWF,PFFSNVTWF,SNVTWFHAI",eMR12,21725,21766,surface glycoprotein,CASSPRSADTQYF,TCRBV19-01,TCRBJ02-03,I
"FFSNVTWFH,FLPFFSNVT,LPFFSNVTW,LPFFSNVTWF,PFFSNVTWF,SNVTWFHAI",eXL37,21725,21766,surface glycoprotein,CASSVRSSYEQYF,TCRBV19-01,TCRBJ02-07,I
"FFSNVTWFH,FLPFFSNVT,LPFFSNVTW,LPFFSNVTWF,PFFSNVTWF,SNVTWFHAI",eLH47,21725,21766,surface glycoprotein,CASSARSTDTQYF,TCRBV19-01,TCRBJ02-03,I
"FFSNVTWFH,FLPFFSNVT,LPFFSNVTW,LPFFSNVTWF,PFFSNVTWF,SNVTWFHAI",eLH54,21725,21766,surface glycoprotein,CASSTRSSNEQFF,TCRBV19-01,TCRBJ02-01,I
"FFSNVTWFH,FLPFFSNVT,LPFFSNVTW,LPFFSNVTWF,PFFSNVTWF,SNVTWFHAI",eDH96,21725,21766,surface glycoprotein,CASSIRSSYEQYF,TCRBV19-01,TCRBJ02-07,I
"FFSNVTWFH,FLPFFSNVT,LPFFSNVTW,LPFFSNVTWF,PFFSNVTWF,SNVTWFHAI",eDH96,21725,21766,surface glycoprotein,CASSIRSAYEQYF,TCRBV19-01,TCRBJ02-07,I
"FFSNVTWFH,FLPFFSNVT,LPFFSNVTW,LPFFSNVTWF,PFFSNVTWF,SNVTWFHAI",eLH47,21725,21766,surface glycoprotein,CASSLGNEQFF,TCRBV19-01,TCRBJ02-01,I
"DGVYFASTEK,GVYFASTEK,LPFNDGVYF,LPFNDGVYFA,VLPFNDGVY,VLPFNDGVYF",eAV93,21809,21853,surface glycoprotein,CASSLVGLSYEQYF,TCRBV05-01,TCRBJ02-07,I
"CTFEYVSQPF,EYVSQPFLM,FEYVSQPFL",eDH96,22058,22093,surface glycoprotein,CASSYTLNTEAFF,TCRBV06-02/06-03,TCRBJ01-01,I
"DLPIGINITR,INITRFQTL,LPIGINITRF",eJL164,22244,22285,surface glycoprotein,CASSISSGSYNEQFF,TCRBV19-01,TCRBJ02-01,I
"FPNITNLCPF,QPTESIVRF,RFPNITNLCPF,TESIVRFPNI,VQPTESIVRF,VRFPNITNL",eXL30,22520,22576,surface glycoprotein,CASSPTSGGYNEQFF,TCRBV04-01,TCRBJ02-01,I
"FPNITNLCPF,QPTESIVRF,RFPNITNLCPF,TESIVRFPNI,VQPTESIVRF,VRFPNITNL",eXL30,22520,22576,surface glycoprotein,CASSYSYEQYF,TCRBV07-02,TCRBJ02-07,I
"FPNITNLCPF,QPTESIVRF,RFPNITNLCPF,TESIVRFPNI,VQPTESIVRF,VRFPNITNL",eXL30,22520,22576,surface glycoprotein,CASSIRSSYEQYF,TCRBV19-01,TCRBJ02-07,I
"FPNITNLCPF,QPTESIVRF,RFPNITNLCPF,TESIVRFPNI,VQPTESIVRF,VRFPNITNL",eMR16,22520,22576,surface glycoprotein,CASSLGVGTEAFF,TCRBV06-05,TCRBJ01-01,I
"FPNITNLCPF,QPTESIVRF,RFPNITNLCPF,TESIVRFPNI,VQPTESIVRF,VRFPNITNL",eXL30,22520,22576,surface glycoprotein,CASSSDRGGYNEQFF,TCRBV19-01,TCRBJ02-01,I
"FPNITNLCPF,QPTESIVRF,RFPNITNLCPF,TESIVRFPNI,VQPTESIVRF,VRFPNITNL",eXL27,22520,22576,surface glycoprotein,CASSLSGSYNEQFF,TCRBV28-01,TCRBJ02-01,I
"FGEVFNATRF,FNATRFASVY,GEVFNATRF,NATRFASVY",eOX52,22574,22615,surface glycoprotein,CASSLGSSNQPQHF,TCRBV07-06,TCRBJ01-05,I
"CFTNVYADSF,FTNVYADSF,FTNVYADSFV,KLNDLCFTNV,LNDLCFTNVY,NVYADSFVIR,VYADSFVIR",eEE226,22718,22771,surface glycoprotein,CASSIRGGNEQFF,TCRBV13-01,TCRBJ02-01,I
"CFTNVYADSF,FTNVYADSF,FTNVYADSFV,KLNDLCFTNV,LNDLCFTNVY,NVYADSFVIR,VYADSFVIR",eEE226,22718,22771,surface glycoprotein,CASSTRGAYEQYF,TCRBV13-01,TCRBJ02-07,I
"GYQPYRVVVL,PYRVVVLSF,QPYRVVVL,QPYRVVVLSF",eLH51,23072,23107,surface glycoprotein,CASSYGSYGYTF,TCRBV06-05,TCRBJ01-02,I
"GYQPYRVVVL,PYRVVVLSF,QPYRVVVL,QPYRVVVLSF",eEE226,23072,23107,surface glycoprotein,CASAGISTDTQYF,TCRBV19-01,TCRBJ02-03,I
"GAEHVNNSY,IGAEHVNNSY",eQD127,23513,23542,surface glycoprotein,CASSSGNTEAFF,TCRBV19-01,TCRBJ01-01,I
"ASQSIIAYTM,RSVASQSII,SIIAYTMSL,SQSIIAYTM,VASQSIIAY",eLH48,23615,23659,surface glycoprotein,CASSLSSYNEQFF,TCRBV28-01,TCRBJ02-01,I
"AIPTNFTISV,AYSNNSIAIPTNF,IPTNFTISV,NSIAIPTNF",ePD79,23678,23728,surface glycoprotein,CASSLGGNTGELFF,TCRBV27-01,TCRBJ02-02,I
"AIPTNFTISV,AYSNNSIAIPTNF,IPTNFTISV,NSIAIPTNF",eOX43,23678,23728,surface glycoprotein,CASSLGGNTGELFF,TCRBV27-01,TCRBJ02-02,I
"AIPTNFTISV,AYSNNSIAIPTNF,IPTNFTISV,NSIAIPTNF",eEE226,23678,23728,surface glycoprotein,CASSLSSYNEQFF,TCRBV07-09,TCRBJ02-01,I
GTITSGWTF,eLH54,24200,24226,surface glycoprotein,CASSLYRGEKLFF,TCRBV12-03/12-04,TCRBJ01-04,I
"AEVQIDRLI,AEVQIDRLIT,VEAEVQIDRL,VQIDRLITGR",eLH54,24521,24562,surface glycoprotein,CASSLAGGSNQPQHF,TCRBV28-01,TCRBJ01-05,I
"GRLQSLQTY,LITGRLQSL,RLQSLQTYV",eOX52,24548,24586,surface glycoprotein,CASSFSSYEQYF,TCRBV28-01,TCRBJ02-07,I
"HLMSFPQSA,YHLMSFPQSA",eEE224,24701,24730,surface glycoprotein,CASSFGQGGEKLFF,TCRBV27-01,TCRBJ01-04,I
"FPQSAPHGV,FPQSAPHGVVF",eMR14,24716,24748,surface glycoprotein,CASSPVSYNEQFF,TCRBV03-01/03-02,TCRBJ02-01,I
"APHGVVFL,APHGVVFLHV,GVVFLHVTY,VVFLHVTYV",eAV93,24728,24766,surface glycoprotein,CASSQGNEQFF,TCRBV06-05,TCRBJ02-01,I
"APHGVVFL,APHGVVFLHV,GVVFLHVTY,VVFLHVTYV",eAM23,24728,24766,surface glycoprotein,CASSLTGAGYEQYF,TCRBV11-02,TCRBJ02-07,I
KEIDRLNEV,eHO134,25103,25129,surface glycoprotein,CASSLAGGPGNEQFF,TCRBV02-01,TCRBJ02-01,I
"QYIKWPWYI,YEQYIKWPW,YEQYIKWPWY",eEE240,25178,25210,surface glycoprotein,CASSLRSSYEQYF,TCRBV12-03/12-04,TCRBJ02-07,I
FIAGLIAIV,eXL27,25220,25246,surface glycoprotein,CASSQGTGELFF,TCRBV03-01/03-02,TCRBJ02-02,I
FVRATATIPI,eGK111,25474,25503,ORF3a,CASSFGLYEQYF,TCRBV12-03/12-04,TCRBJ02-07,I
FVRATATIPI,eEE226,25474,25503,ORF3a,CASSFGSTDTQYF,TCRBV07-02,TCRBJ02-03,I
IPIQASLPF,eAV93,25495,25521,ORF3a,CASSQDPGYEQYF,TCRBV04-01,TCRBJ02-07,I
"FVCNLLLLFV,LLFVTVYSHL,TVYSHLLLV",eOX46,25627,25683,ORF3a,CASSPSGNEQFF,TCRBV06-05,TCRBJ02-01,I
"FLQSINFVR,FLQSINFVRI,FLYLYALVYF,GLEAPFLYLY,INFVRIIMR,LQSINFVRI,LQSINFVRII,QSINFVRII,SINFVRIIMR,VYFLQSINF,VYFLQSINFV,YFLQSINFVR,YLYALVYFL",eXL31,25690,25770,ORF3a,CASSLLAGAGELFF,TCRBV28-01,TCRBJ02-02,I
"FLQSINFVR,FLQSINFVRI,FLYLYALVYF,GLEAPFLYLY,INFVRIIMR,LQSINFVRI,LQSINFVRII,QSINFVRII,SINFVRIIMR,VYFLQSINF,VYFLQSINFV,YFLQSINFVR,YLYALVYFL",eHO130,25690,25770,ORF3a,CASSQGNEQFF,TCRBV03-01/03-02,TCRBJ02-01,I
"FLQSINFVR,FLQSINFVRI,FLYLYALVYF,GLEAPFLYLY,INFVRIIMR,LQSINFVRI,LQSINFVRII,QSINFVRII,SINFVRIIMR,VYFLQSINF,VYFLQSINFV,YFLQSINFVR,YLYALVYFL",eJL161,25690,25770,ORF3a,CASSSGNTEAFF,TCRBV19-01,TCRBJ01-01,I
"FLQSINFVR,FLQSINFVRI,FLYLYALVYF,GLEAPFLYLY,INFVRIIMR,LQSINFVRI,LQSINFVRII,QSINFVRII,SINFVRIIMR,VYFLQSINF,VYFLQSINFV,YFLQSINFVR,YLYALVYFL",eHO136,25690,25770,ORF3a,CASSLAGGAYGYTF,TCRBV06-05,TCRBJ01-02,I
"FLQSINFVR,FLQSINFVRI,FLYLYALVYF,GLEAPFLYLY,INFVRIIMR,LQSINFVRI,LQSINFVRII,QSINFVRII,SINFVRIIMR,VYFLQSINF,VYFLQSINFV,YFLQSINFVR,YLYALVYFL",eHO128,25690,25770,ORF3a,CASSQPDSNQPQHF,TCRBV04-01,TCRBJ01-05,I
"FLQSINFVR,FLQSINFVRI,FLYLYALVYF,GLEAPFLYLY,INFVRIIMR,LQSINFVRI,LQSINFVRII,QSINFVRII,SINFVRIIMR,VYFLQSINF,VYFLQSINFV,YFLQSINFVR,YLYALVYFL",eEE224,25690,25770,ORF3a,CASSIVTDTQYF,TCRBV28-01,TCRBJ02-03,I
"FLQSINFVR,FLQSINFVRI,FLYLYALVYF,GLEAPFLYLY,INFVRIIMR,LQSINFVRI,LQSINFVRII,QSINFVRII,SINFVRIIMR,VYFLQSINF,VYFLQSINFV,YFLQSINFVR,YLYALVYFL",eLH41,25690,25770,ORF3a,CASSPNSNQPQHF,TCRBV19-01,TCRBJ01-05,I
"FLQSINFVR,FLQSINFVRI,FLYLYALVYF,GLEAPFLYLY,INFVRIIMR,LQSINFVRI,LQSINFVRII,QSINFVRII,SINFVRIIMR,VYFLQSINF,VYFLQSINFV,YFLQSINFVR,YLYALVYFL",eAV93,25690,25770,ORF3a,CASSFSAGELFF,TCRBV06-02/06-03,TCRBJ02-02,I
"FLQSINFVR,FLQSINFVRI,FLYLYALVYF,GLEAPFLYLY,INFVRIIMR,LQSINFVRI,LQSINFVRII,QSINFVRII,SINFVRIIMR,VYFLQSINF,VYFLQSINFV,YFLQSINFVR,YLYALVYFL",eDH105,25690,25770,ORF3a,CASSLSSYNEQFF,TCRBV27-01,TCRBJ02-01,I
"FLQSINFVR,FLQSINFVRI,FLYLYALVYF,GLEAPFLYLY,INFVRIIMR,LQSINFVRI,LQSINFVRII,QSINFVRII,SINFVRIIMR,VYFLQSINF,VYFLQSINFV,YFLQSINFVR,YLYALVYFL",eQD129,25690,25770,ORF3a,CASSPGTGTYEQYF,TCRBV28-01,TCRBJ02-07,I
"FLQSINFVR,FLQSINFVRI,FLYLYALVYF,GLEAPFLYLY,INFVRIIMR,LQSINFVRI,LQSINFVRII,QSINFVRII,SINFVRIIMR,VYFLQSINF,VYFLQSINFV,YFLQSINFVR,YLYALVYFL",eQD123,25690,25770,ORF3a,CASSQPDSNQPQHF,TCRBV04-01,TCRBJ01-05,I
"FLQSINFVR,FLQSINFVRI,FLYLYALVYF,GLEAPFLYLY,INFVRIIMR,LQSINFVRI,LQSINFVRII,QSINFVRII,SINFVRIIMR,VYFLQSINF,VYFLQSINFV,YFLQSINFVR,YLYALVYFL",eEE240,25690,25770,ORF3a,CASSFGDEQFF,TCRBV28-01,TCRBJ02-01,I
"FLQSINFVR,FLQSINFVRI,FLYLYALVYF,GLEAPFLYLY,INFVRIIMR,LQSINFVRI,LQSINFVRII,QSINFVRII,SINFVRIIMR,VYFLQSINF,VYFLQSINFV,YFLQSINFVR,YLYALVYFL",eQD123,25690,25770,ORF3a,CASALGGYNEQFF,TCRBV06-05,TCRBJ02-01,I
"FLQSINFVR,FLQSINFVRI,FLYLYALVYF,GLEAPFLYLY,INFVRIIMR,LQSINFVRI,LQSINFVRII,QSINFVRII,SINFVRIIMR,VYFLQSINF,VYFLQSINFV,YFLQSINFVR,YLYALVYFL",eEE240,25690,25770,ORF3a,CASSSGSYGYTF,TCRBV28-01,TCRBJ01-02,I
"LLYDANYFL,LLYDANYFLC,LYDANYFLCW,NPLLYDANY,PLLYDANYFL,YDANYFLCW",eOX46,25801,25839,ORF3a,CASSTYNEQFF,TCRBV05-04,TCRBJ02-01,I
"LLYDANYFL,LLYDANYFLC,LYDANYFLCW,NPLLYDANY,PLLYDANYFL,YDANYFLCW",eOX54,25801,25839,ORF3a,CASSFGDEQFF,TCRBV11-03,TCRBJ02-01,I
"LLYDANYFL,LLYDANYFLC,LYDANYFLCW,NPLLYDANY,PLLYDANYFL,YDANYFLCW",eQD132,25801,25839,ORF3a,CATSTGDSNQPQHF,TCRBV15-01,TCRBJ01-05,I
"IPYNSVTSSI,PYNSVTSSI",eHH175,25864,25893,ORF3a,CASSPRDGQETQYF,TCRBV05-04,TCRBJ02-05,I
"SEHDYQIGGYTEKW,YQIGGYTEK,YQIGGYTEKW",ePD83,25930,25971,ORF3a,CASSIRSTGELFF,TCRBV19-01,TCRBJ02-02,I
"SEHDYQIGGYTEKW,YQIGGYTEK,YQIGGYTEKW",ePD85,25930,25971,ORF3a,CASSTYNEQFF,TCRBV05-04,TCRBJ02-01,I
"SEHDYQIGGYTEKW,YQIGGYTEK,YQIGGYTEKW",ePD83,25930,25971,ORF3a,CASSARSTGELFF,TCRBV19-01,TCRBJ02-02,I
"SEHDYQIGGYTEKW,YQIGGYTEK,YQIGGYTEKW",ePD83,25930,25971,ORF3a,CASSLRSSYEQYF,TCRBV27-01,TCRBJ02-07,I
"SYFTSDYYQL,VLHSYFTSDY,YFTSDYYQLY",eJL152,25996,26037,ORF3a,CASSPGQRTEAFF,TCRBV28-01,TCRBJ01-01,I
SEETGTLIV,eAV88,26260,26286,envelope,CASRSGAEAFF,TCRBV27-01,TCRBJ01-01,I
SLVKPSFYV,eEE224,26392,26418,envelope,CASSFGLYEQYF,TCRBV12-03/12-04,TCRBJ02-07,I
WICLLQFAY,eXL31,26613,26639,membrane glycoprotein,CASRTGSMNTEAFF,TCRBV27-01,TCRBJ01-01,I
"FAYANRNRF,LQFAYANRNR,YANRNRFLY",eHO135,26625,26663,membrane glycoprotein,CASSFGDEQFF,TCRBV27-01,TCRBJ02-01,I
"FAYANRNRF,LQFAYANRNR,YANRNRFLY",eJL162,26625,26663,membrane glycoprotein,CASSIFHTDTQYF,TCRBV19-01,TCRBJ02-03,I
"FLYIIKLIFL,FLYIIKLVFL,LYIIKLIFL,LYIIKLIFLW,RFLYIIKLIF,YIIKLIFLW,YIIKLIFLWL",eEE240,26652,26690,membrane glycoprotein,CASSQTGSTDTQYF,TCRBV07-02,TCRBJ02-03,I
"FLYIIKLIFL,FLYIIKLVFL,LYIIKLIFL,LYIIKLIFLW,RFLYIIKLIF,YIIKLIFLW,YIIKLIFLWL",eOX46,26652,26690,membrane glycoprotein,CASSPSGSEQFF,TCRBV05-04,TCRBJ02-01,I
"FLWLLWPVT,FLWLLWPVTL,LWLLWPVTL,LWPVTLACF,TLACFVLAAV,WLLWPVTLA,WPVTLACFVL",eOX43,26679,26732,membrane glycoprotein,CASSSGFYEQYF,TCRBV12-03/12-04,TCRBJ02-07,I
"FLWLLWPVT,FLWLLWPVTL,LWLLWPVTL,LWPVTLACF,TLACFVLAAV,WLLWPVTLA,WPVTLACFVL",eAV93,26679,26732,membrane glycoprotein,CASSIGVGEAFF,TCRBV19-01,TCRBJ01-01,I
"FLWLLWPVT,FLWLLWPVTL,LWLLWPVTL,LWPVTLACF,TLACFVLAAV,WLLWPVTLA,WPVTLACFVL",eOX46,26679,26732,membrane glycoprotein,CASSLVGTGELFF,TCRBV07-08,TCRBJ02-02,I
"FLWLLWPVT,FLWLLWPVTL,LWLLWPVTL,LWPVTLACF,TLACFVLAAV,WLLWPVTLA,WPVTLACFVL",eJL164,26679,26732,membrane glycoprotein,CASSTYNEQFF,TCRBV07-06,TCRBJ02-01,I
"FLWLLWPVT,FLWLLWPVTL,LWLLWPVTL,LWPVTLACF,TLACFVLAAV,WLLWPVTLA,WPVTLACFVL",eHO130,26679,26732,membrane glycoprotein,CASSLYSNQPQHF,TCRBV05-06,TCRBJ01-05,I
"FLWLLWPVT,FLWLLWPVTL,LWLLWPVTL,LWPVTLACF,TLACFVLAAV,WLLWPVTLA,WPVTLACFVL",eJL158,26679,26732,membrane glycoprotein,CASSTYNEQFF,TCRBV07-06,TCRBJ02-01,I
"FLWLLWPVT,FLWLLWPVTL,LWLLWPVTL,LWPVTLACF,TLACFVLAAV,WLLWPVTLA,WPVTLACFVL",eHO140,26679,26732,membrane glycoprotein,CASSSGFYEQYF,TCRBV12-03/12-04,TCRBJ02-07,I
"FLWLLWPVT,FLWLLWPVTL,LWLLWPVTL,LWPVTLACF,TLACFVLAAV,WLLWPVTLA,WPVTLACFVL",eEE228,26679,26732,membrane glycoprotein,CASSWTGTEAFF,TCRBV27-01,TCRBJ01-01,I
"FLWLLWPVT,FLWLLWPVTL,LWLLWPVTL,LWPVTLACF,TLACFVLAAV,WLLWPVTLA,WPVTLACFVL",eEE240,26679,26732,membrane glycoprotein,CASSLTSGNEQFF,TCRBV13-01,TCRBJ02-01,I
"FLWLLWPVT,FLWLLWPVTL,LWLLWPVTL,LWPVTLACF,TLACFVLAAV,WLLWPVTLA,WPVTLACFVL",eOX52,26679,26732,membrane glycoprotein,CASSQGNEQFF,TCRBV12-03/12-04,TCRBJ02-01,I
"FLWLLWPVT,FLWLLWPVTL,LWLLWPVTL,LWPVTLACF,TLACFVLAAV,WLLWPVTLA,WPVTLACFVL",eOX49,26679,26732,membrane glycoprotein,CASSLGQPQHF,TCRBV28-01,TCRBJ01-05,I
"FLWLLWPVT,FLWLLWPVTL,LWLLWPVTL,LWPVTLACF,TLACFVLAAV,WLLWPVTLA,WPVTLACFVL",eEE240,26679,26732,membrane glycoprotein,CASSLGQPQHF,TCRBV28-01,TCRBJ01-05,I
"MWSFNPETNI,SFNPETNIL,SMWSFNPET",ePD84,26844,26879,membrane glycoprotein,CASSLSSYNEQFF,TCRBV05-04,TCRBJ02-01,I
"SELVIGAVI,SELVIGAVIL",eOX43,26928,26957,membrane glycoprotein,CASSQGLAGSEQYF,TCRBV14-01,TCRBJ02-07,I
"SELVIGAVI,SELVIGAVIL",eXL27,26928,26957,membrane glycoprotein,CASSIYSTDTQYF,TCRBV27-01,TCRBJ02-03,I
"HLRIAGHHL,RIAGHHLGR",eLH42,26964,26996,membrane glycoprotein,CASSSGSYGYTF,TCRBV05-04,TCRBJ01-02,I
"HLRIAGHHL,RIAGHHLGR",eQD112,26964,26996,membrane glycoprotein,CASSAGSYGYTF,TCRBV05-04,TCRBJ01-02,I
"ATSRTLSYY,ATSRTLSYYK,TSRTLSYYK,TVATSRTLSY",eQD128,27027,27062,membrane glycoprotein,CASSLSAGETQYF,TCRBV11-02,TCRBJ02-05,I
"FKVSIWNLDY,ILLIIMRTFK,IMRTFKVSI,KVSIWNLDY,KVSIWNLDYI,LIIMRTFKV,RTFKVSIWNL,SIWNLDYII,TFKVSIWNL,VSIWNLDYII",eXL30,27241,27300,ORF6,CASSLGQPQHF,TCRBV12-03/12-04,TCRBJ01-05,I
"CELYHYQECV,ITLATCELY,LITLATCELY,TLATCELYHY",eEE228,27418,27465,ORF7a,CASSPLSTDTQYF,TCRBV04-01,TCRBJ02-03,I
"RARSVSPKL,SVSPKLFIR",eQD108,27625,27660,ORF7a,CASSLGDQPQHF,TCRBV13-01,TCRBJ01-05,I
"ELYSPIFLI,LYSPIFLIV,QELYSPIFL,VQELYSPIF,VQELYSPIFL",eMR16,27670,27705,ORF7a,CASSFGQGADEQYF,TCRBV05-01,TCRBJ02-07,I
"ELYSPIFLI,LYSPIFLIV,QELYSPIFL,VQELYSPIF,VQELYSPIFL",eOX52,27670,27705,ORF7a,CASSYTSGNTGELFF,TCRBV06-05,TCRBJ02-02,I
"ELYSPIFLI,LYSPIFLIV,QELYSPIFL,VQELYSPIF,VQELYSPIFL",eOX52,27670,27705,ORF7a,CASSFSSSYNEQFF,TCRBV27-01,TCRBJ02-01,I
"ELYSPIFLI,LYSPIFLIV,QELYSPIFL,VQELYSPIF,VQELYSPIFL",eDH113,27670,27705,ORF7a,CASSSGGPYNEQFF,TCRBV07-03,TCRBJ02-01,I
"ELYSPIFLI,LYSPIFLIV,QELYSPIFL,VQELYSPIF,VQELYSPIFL",eEE224,27670,27705,ORF7a,CASSWDRNNEQFF,TCRBV27-01,TCRBJ02-01,I
"ELYSPIFLI,LYSPIFLIV,QELYSPIFL,VQELYSPIF,VQELYSPIFL",eXL27,27670,27705,ORF7a,CASSFSSSYNEQFF,TCRBV27-01,TCRBJ02-01,I
"ELYSPIFLI,LYSPIFLIV,QELYSPIFL,VQELYSPIF,VQELYSPIFL",eEE224,27670,27705,ORF7a,CASSLYSNQPQHF,TCRBV27-01,TCRBJ01-05,I
"ELYSPIFLI,LYSPIFLIV,QELYSPIFL,VQELYSPIF,VQELYSPIFL",eEE240,27670,27705,ORF7a,CASSQGNEQFF,TCRBV04-03,TCRBJ02-01,I
"ELYSPIFLI,LYSPIFLIV,QELYSPIFL,VQELYSPIF,VQELYSPIFL",eAV88,27670,27705,ORF7a,CASSFSSSYNEQFF,TCRBV27-01,TCRBJ02-01,I
"AFLLFLVLI,FLAFLLFLV,FYLCFLAFL,FYLCFLAFLL,IDFYLCFLAF,IELSLIDFYL,LIDFYLCFL,LLFLVLIML,MIELSLIDFY,SLIDFYLCFL,YLCFLAFLL",eXL30,27756,27830,ORF7b,CASSLEAGSYNEQFF,TCRBV05-01,TCRBJ02-01,I
"AFLLFLVLI,FLAFLLFLV,FYLCFLAFL,FYLCFLAFLL,IDFYLCFLAF,IELSLIDFYL,LIDFYLCFL,LLFLVLIML,MIELSLIDFY,SLIDFYLCFL,YLCFLAFLL",eXL27,27756,27830,ORF7b,CASSYYSNQPQHF,TCRBV06-05,TCRBJ01-05,I
"AFLLFLVLI,FLAFLLFLV,FYLCFLAFL,FYLCFLAFLL,IDFYLCFLAF,IELSLIDFYL,LIDFYLCFL,LLFLVLIML,MIELSLIDFY,SLIDFYLCFL,YLCFLAFLL",eEE224,27756,27830,ORF7b,CASSFLAGGYNEQFF,TCRBV14-01,TCRBJ02-01,I
"AFLLFLVLI,FLAFLLFLV,FYLCFLAFL,FYLCFLAFLL,IDFYLCFLAF,IELSLIDFYL,LIDFYLCFL,LLFLVLIML,MIELSLIDFY,SLIDFYLCFL,YLCFLAFLL",eXL30,27756,27830,ORF7b,CASSYYSNQPQHF,TCRBV06-05,TCRBJ01-05,I
"AFLLFLVLI,FLAFLLFLV,FYLCFLAFL,FYLCFLAFLL,IDFYLCFLAF,IELSLIDFYL,LIDFYLCFL,LLFLVLIML,MIELSLIDFY,SLIDFYLCFL,YLCFLAFLL",eEE224,27756,27830,ORF7b,CASSFYSNQPQHF,TCRBV27-01,TCRBJ01-05,I
"AFLLFLVLI,FLAFLLFLV,FYLCFLAFL,FYLCFLAFLL,IDFYLCFLAF,IELSLIDFYL,LIDFYLCFL,LLFLVLIML,MIELSLIDFY,SLIDFYLCFL,YLCFLAFLL",eEE228,27756,27830,ORF7b,CASSPFGANVLTF,TCRBV27-01,TCRBJ02-06,I
"AFLLFLVLI,FLAFLLFLV,FYLCFLAFL,FYLCFLAFLL,IDFYLCFLAF,IELSLIDFYL,LIDFYLCFL,LLFLVLIML,MIELSLIDFY,SLIDFYLCFL,YLCFLAFLL",eXL30,27756,27830,ORF7b,CASSFGDEQFF,TCRBV05-06,TCRBJ02-01,I
"AFLLFLVLI,FLAFLLFLV,FYLCFLAFL,FYLCFLAFLL,IDFYLCFLAF,IELSLIDFYL,LIDFYLCFL,LLFLVLIML,MIELSLIDFY,SLIDFYLCFL,YLCFLAFLL",eEE226,27756,27830,ORF7b,CASRTGGYEQYF,TCRBV06-05,TCRBJ02-07,I
"AFLLFLVLI,FLAFLLFLV,FYLCFLAFL,FYLCFLAFLL,IDFYLCFLAF,IELSLIDFYL,LIDFYLCFL,LLFLVLIML,MIELSLIDFY,SLIDFYLCFL,YLCFLAFLL",eEE224,27756,27830,ORF7b,CASSPTGGSYNEQFF,TCRBV28-01,TCRBJ02-01,I
"AFLLFLVLI,FLAFLLFLV,FYLCFLAFL,FYLCFLAFLL,IDFYLCFLAF,IELSLIDFYL,LIDFYLCFL,LLFLVLIML,MIELSLIDFY,SLIDFYLCFL,YLCFLAFLL",eEE228,27756,27830,ORF7b,CASSWTGNTEAFF,TCRBV27-01,TCRBJ01-01,I
"AFLLFLVLI,FLAFLLFLV,FYLCFLAFL,FYLCFLAFLL,IDFYLCFLAF,IELSLIDFYL,LIDFYLCFL,LLFLVLIML,MIELSLIDFY,SLIDFYLCFL,YLCFLAFLL",eEE228,27756,27830,ORF7b,CASSYGGGSYEQYF,TCRBV06-05,TCRBJ02-07,I
"AFLLFLVLI,FLAFLLFLV,FYLCFLAFL,FYLCFLAFLL,IDFYLCFLAF,IELSLIDFYL,LIDFYLCFL,LLFLVLIML,MIELSLIDFY,SLIDFYLCFL,YLCFLAFLL",eHO130,27756,27830,ORF7b,CASSINAYNEQFF,TCRBV19-01,TCRBJ02-01,I
"AFLLFLVLI,FLAFLLFLV,FYLCFLAFL,FYLCFLAFLL,IDFYLCFLAF,IELSLIDFYL,LIDFYLCFL,LLFLVLIML,MIELSLIDFY,SLIDFYLCFL,YLCFLAFLL",eEE224,27756,27830,ORF7b,CASRTGGYEQYF,TCRBV05-01,TCRBJ02-07,I
"AFLLFLVLI,FLAFLLFLV,FYLCFLAFL,FYLCFLAFLL,IDFYLCFLAF,IELSLIDFYL,LIDFYLCFL,LLFLVLIML,MIELSLIDFY,SLIDFYLCFL,YLCFLAFLL",eAV93,27756,27830,ORF7b,CASSPTSGGYNEQFF,TCRBV06-X,TCRBJ02-01,I
"AFLLFLVLI,FLAFLLFLV,FYLCFLAFL,FYLCFLAFLL,IDFYLCFLAF,IELSLIDFYL,LIDFYLCFL,LLFLVLIML,MIELSLIDFY,SLIDFYLCFL,YLCFLAFLL",eOX49,27756,27830,ORF7b,CASSPYNEQFF,TCRBV07-09,TCRBJ02-01,I
"AFLLFLVLI,FLAFLLFLV,FYLCFLAFL,FYLCFLAFLL,IDFYLCFLAF,IELSLIDFYL,LIDFYLCFL,LLFLVLIML,MIELSLIDFY,SLIDFYLCFL,YLCFLAFLL",eOX49,27756,27830,ORF7b,CASSLYSNQPQHF,TCRBV07-08,TCRBJ01-05,I
"AFLLFLVLI,FLAFLLFLV,FYLCFLAFL,FYLCFLAFLL,IDFYLCFLAF,IELSLIDFYL,LIDFYLCFL,LLFLVLIML,MIELSLIDFY,SLIDFYLCFL,YLCFLAFLL",eOX49,27756,27830,ORF7b,CASSLIYPGELFF,TCRBV12-03/12-04,TCRBJ02-02,I
"AFLLFLVLI,FLAFLLFLV,FYLCFLAFL,FYLCFLAFLL,IDFYLCFLAF,IELSLIDFYL,LIDFYLCFL,LLFLVLIML,MIELSLIDFY,SLIDFYLCFL,YLCFLAFLL",eOX49,27756,27830,ORF7b,CASSFSPSSYNEQFF,TCRBV12-X,TCRBJ02-01,I
"AFLLFLVLI,FLAFLLFLV,FYLCFLAFL,FYLCFLAFLL,IDFYLCFLAF,IELSLIDFYL,LIDFYLCFL,LLFLVLIML,MIELSLIDFY,SLIDFYLCFL,YLCFLAFLL",eEE240,27756,27830,ORF7b,CASSYSYEQYF,TCRBV13-01,TCRBJ02-07,I
"AFLLFLVLI,FLAFLLFLV,FYLCFLAFL,FYLCFLAFLL,IDFYLCFLAF,IELSLIDFYL,LIDFYLCFL,LLFLVLIML,MIELSLIDFY,SLIDFYLCFL,YLCFLAFLL",eEE240,27756,27830,ORF7b,CASSPLAGGLNEQFF,TCRBV14-01,TCRBJ02-01,I
"AFLLFLVLI,FLAFLLFLV,FYLCFLAFL,FYLCFLAFLL,IDFYLCFLAF,IELSLIDFYL,LIDFYLCFL,LLFLVLIML,MIELSLIDFY,SLIDFYLCFL,YLCFLAFLL",eEE228,27756,27830,ORF7b,CASSYSYEQYF,TCRBV06-05,TCRBJ02-07,I
"AFLLFLVLI,FLAFLLFLV,FYLCFLAFL,FYLCFLAFLL,IDFYLCFLAF,IELSLIDFYL,LIDFYLCFL,LLFLVLIML,MIELSLIDFY,SLIDFYLCFL,YLCFLAFLL",eQD123,27756,27830,ORF7b,CASSLGGNTGELFF,TCRBV27-01,TCRBJ02-02,I
"AFLLFLVLI,FLAFLLFLV,FYLCFLAFL,FYLCFLAFLL,IDFYLCFLAF,IELSLIDFYL,LIDFYLCFL,LLFLVLIML,MIELSLIDFY,SLIDFYLCFL,YLCFLAFLL",eXL31,27756,27830,ORF7b,CASSHLAGGYNEQFF,TCRBV14-01,TCRBJ02-01,I
"AFLLFLVLI,FLAFLLFLV,FYLCFLAFL,FYLCFLAFLL,IDFYLCFLAF,IELSLIDFYL,LIDFYLCFL,LLFLVLIML,MIELSLIDFY,SLIDFYLCFL,YLCFLAFLL",eAV88,27756,27830,ORF7b,CASSIYSNQPQHF,TCRBV27-01,TCRBJ01-05,I
"AFLLFLVLI,FLAFLLFLV,FYLCFLAFL,FYLCFLAFLL,IDFYLCFLAF,IELSLIDFYL,LIDFYLCFL,LLFLVLIML,MIELSLIDFY,SLIDFYLCFL,YLCFLAFLL",eXL37,27756,27830,ORF7b,CASSPGQGTEAFF,TCRBV19-01,TCRBJ01-01,I
"AFLLFLVLI,FLAFLLFLV,FYLCFLAFL,FYLCFLAFLL,IDFYLCFLAF,IELSLIDFYL,LIDFYLCFL,LLFLVLIML,MIELSLIDFY,SLIDFYLCFL,YLCFLAFLL",ePD84,27756,27830,ORF7b,CASSPLAGGLNEQFF,TCRBV07-09,TCRBJ02-01,I
"AFLLFLVLI,FLAFLLFLV,FYLCFLAFL,FYLCFLAFLL,IDFYLCFLAF,IELSLIDFYL,LIDFYLCFL,LLFLVLIML,MIELSLIDFY,SLIDFYLCFL,YLCFLAFLL",eXL37,27756,27830,ORF7b,CASSLYEQYF,TCRBV02-01,TCRBJ02-07,I
"AFLLFLVLI,FLAFLLFLV,FYLCFLAFL,FYLCFLAFLL,IDFYLCFLAF,IELSLIDFYL,LIDFYLCFL,LLFLVLIML,MIELSLIDFY,SLIDFYLCFL,YLCFLAFLL",eXL31,27756,27830,ORF7b,CASSLGTSYEQYF,TCRBV05-08,TCRBJ02-07,I
"AFLLFLVLI,FLAFLLFLV,FYLCFLAFL,FYLCFLAFLL,IDFYLCFLAF,IELSLIDFYL,LIDFYLCFL,LLFLVLIML,MIELSLIDFY,SLIDFYLCFL,YLCFLAFLL",eOX54,27756,27830,ORF7b,CASSYSYEQYF,TCRBV03-01/03-02,TCRBJ02-07,I
"AFLLFLVLI,FLAFLLFLV,FYLCFLAFL,FYLCFLAFLL,IDFYLCFLAF,IELSLIDFYL,LIDFYLCFL,LLFLVLIML,MIELSLIDFY,SLIDFYLCFL,YLCFLAFLL",eOX43,27756,27830,ORF7b,CASSLYSNQPQHF,TCRBV27-01,TCRBJ01-05,I
"AFLLFLVLI,FLAFLLFLV,FYLCFLAFL,FYLCFLAFLL,IDFYLCFLAF,IELSLIDFYL,LIDFYLCFL,LLFLVLIML,MIELSLIDFY,SLIDFYLCFL,YLCFLAFLL",eOX43,27756,27830,ORF7b,CASSFLAGGYNEQFF,TCRBV14-01,TCRBJ02-01,I
"AFLLFLVLI,FLAFLLFLV,FYLCFLAFL,FYLCFLAFLL,IDFYLCFLAF,IELSLIDFYL,LIDFYLCFL,LLFLVLIML,MIELSLIDFY,SLIDFYLCFL,YLCFLAFLL",eOX43,27756,27830,ORF7b,CASSFYSNQPQHF,TCRBV07-02,TCRBJ01-05,I
"AFLLFLVLI,FLAFLLFLV,FYLCFLAFL,FYLCFLAFLL,IDFYLCFLAF,IELSLIDFYL,LIDFYLCFL,LLFLVLIML,MIELSLIDFY,SLIDFYLCFL,YLCFLAFLL",eOX43,27756,27830,ORF7b,CASSGETDTQYF,TCRBV02-01,TCRBJ02-03,I
"AFLLFLVLI,FLAFLLFLV,FYLCFLAFL,FYLCFLAFLL,IDFYLCFLAF,IELSLIDFYL,LIDFYLCFL,LLFLVLIML,MIELSLIDFY,SLIDFYLCFL,YLCFLAFLL",eOX46,27756,27830,ORF7b,CASSQYSNQPQHF,TCRBV07-02,TCRBJ01-05,I
"AFLLFLVLI,FLAFLLFLV,FYLCFLAFL,FYLCFLAFLL,IDFYLCFLAF,IELSLIDFYL,LIDFYLCFL,LLFLVLIML,MIELSLIDFY,SLIDFYLCFL,YLCFLAFLL",eOX46,27756,27830,ORF7b,CASSFYSNQPQHF,TCRBV27-01,TCRBJ01-05,I
"AFLLFLVLI,FLAFLLFLV,FYLCFLAFL,FYLCFLAFLL,IDFYLCFLAF,IELSLIDFYL,LIDFYLCFL,LLFLVLIML,MIELSLIDFY,SLIDFYLCFL,YLCFLAFLL",eOX49,27756,27830,ORF7b,CASSPLSTDTQYF,TCRBV13-01,TCRBJ02-03,I
"AFLLFLVLI,FLAFLLFLV,FYLCFLAFL,FYLCFLAFLL,IDFYLCFLAF,IELSLIDFYL,LIDFYLCFL,LLFLVLIML,MIELSLIDFY,SLIDFYLCFL,YLCFLAFLL",eOX49,27756,27830,ORF7b,CASSLNTEAFF,TCRBV02-01,TCRBJ01-01,I
"IMLIIFWFSL,MLIIFWFSL",eAV93,27822,27851,ORF7b,CASSLVGTGELFF,TCRBV04-03,TCRBJ02-02,I
"IMLIIFWFSL,MLIIFWFSL",eEE228,27822,27851,ORF7b,CASSQGTGELFF,TCRBV04-01,TCRBJ02-02,I
"IMLIIFWFSL,MLIIFWFSL",eXL27,27822,27851,ORF7b,CASSYGQNTGELFF,TCRBV06-05,TCRBJ02-02,I
"VDDPCPIHFY,VVDDPCPIHFY,YVVDDPCPI",eEE226,27984,28019,ORF8,CASSFLAGGYNEQFF,TCRBV06-04,TCRBJ02-01,I
"VDDPCPIHFY,VVDDPCPIHFY,YVVDDPCPI",eEE228,27984,28019,ORF8,CASSYGVGTEAFF,TCRBV05-01,TCRBJ01-01,I
IQYIDIGNY,eOX56,28104,28130,ORF8,CASSPGQGATGELFF,TCRBV12-X,TCRBJ02-02,I
"GNYTVSCLPF,NYTVSCLPF,YTVSCLPFTI",eXL27,28122,28157,ORF8,CASSLGTGPYNEQFF,TCRBV06-05,TCRBJ02-01,I
"GNYTVSCLPF,NYTVSCLPF,YTVSCLPFTI",eQD123,28122,28157,ORF8,CASSWDKTYEQYF,TCRBV28-01,TCRBJ02-07,I
KMKDLSPRW,eJL162,28571,28597,nucleocapsid phosphoprotein,CASSLSSYNEQFF,TCRBV27-01,TCRBJ02-01,I
"LSPRWYFYY,SPRWYFYYL",eHH175,28583,28612,nucleocapsid phosphoprotein,CASSQDPGYEQYF,TCRBV04-01,TCRBJ02-07,I
"LSPRWYFYY,SPRWYFYYL",eLH42,28583,28612,nucleocapsid phosphoprotein,CASSLAGGPGNEQFF,TCRBV05-01,TCRBJ02-01,I
"LSPRWYFYY,SPRWYFYYL",eAV91,28583,28612,nucleocapsid phosphoprotein,CASSSRAGGDTQYF,TCRBV05-05,TCRBJ02-03,I
"LSPRWYFYY,SPRWYFYYL",eMR17,28583,28612,nucleocapsid phosphoprotein,CASSLEGANYGYTF,TCRBV07-08,TCRBJ01-02,I
"LSPRWYFYY,SPRWYFYYL",eAV91,28583,28612,nucleocapsid phosphoprotein,CASSQDPGYEQYF,TCRBV04-01,TCRBJ02-07,I
"LSPRWYFYY,SPRWYFYYL",eMR15,28583,28612,nucleocapsid phosphoprotein,CASSLAGGSNQPQHF,TCRBV05-01,TCRBJ01-05,I
"ALALLLLDR,GDAALALLLL,LALLLLDRL,LLLDRLNQL,LLLLDRLNQ,LLLLDRLNQL",eHO136,28916,28963,nucleocapsid phosphoprotein,CASSQGNYGYTF,TCRBV14-01,TCRBJ01-02,I
"ALALLLLDR,GDAALALLLL,LALLLLDRL,LLLDRLNQL,LLLLDRLNQ,LLLLDRLNQL",eOX49,28916,28963,nucleocapsid phosphoprotein,CASSQGNYGYTF,TCRBV03-01/03-02,TCRBJ01-02,I
"ALALLLLDR,GDAALALLLL,LALLLLDRL,LLLDRLNQL,LLLLDRLNQ,LLLLDRLNQL",eHO140,28916,28963,nucleocapsid phosphoprotein,CASGLPYEQYF,TCRBV27-01,TCRBJ02-07,I
"ELIRQGTDY,QELIRQGTDY,QELIRQGTDYKHW",eJL160,29138,29176,nucleocapsid phosphoprotein,CASSSANYGYTF,TCRBV19-01,TCRBJ01-02,I
"GMEVTPSGTWL,MEVTPSGTWL,TPSGTWLTY,VTPSGTWLTY",ePD100,29234,29272,nucleocapsid phosphoprotein,CASSWGQGSTDTQYF,TCRBV07-03,TCRBJ02-03,I
"GMEVTPSGTWL,MEVTPSGTWL,TPSGTWLTY,VTPSGTWLTY",eAV93,29234,29272,nucleocapsid phosphoprotein,CASSWGQGSTDTQYF,TCRBV07-09,TCRBJ02-03,I
"GMEVTPSGTWL,MEVTPSGTWL,TPSGTWLTY,VTPSGTWLTY",eOX52,29234,29272,nucleocapsid phosphoprotein,CASSLGVGTEAFF,TCRBV27-01,TCRBJ01-01,I
"GMEVTPSGTWL,MEVTPSGTWL,TPSGTWLTY,VTPSGTWLTY",eOX52,29234,29272,nucleocapsid phosphoprotein,CASSMGQGTYEQYF,TCRBV19-01,TCRBJ02-07,I
"AYKTFPPTEPK,KTFPPTEPK",eLH48,29348,29380,nucleocapsid phosphoprotein,CASSFGGTQYF,TCRBV06-02/06-03,TCRBJ02-05,I
"AYKTFPPTEPK,KTFPPTEPK",eLH48,29348,29380,nucleocapsid phosphoprotein,CASSIGSTDTQYF,TCRBV07-09,TCRBJ02-03,I
"AYKTFPPTEPK,KTFPPTEPK",eLH48,29348,29380,nucleocapsid phosphoprotein,CASNIYSNQPQHF,TCRBV18-01,TCRBJ01-05,I
"AFPFTIYSL,GYINVFAFPF,INVFAFPFTI,MGYINVFAF,NVFAFPFTI,NVFAFPFTIY,YINVFAFPF",eAV88,29558,29605,ORF10,CASSLGNEQFF,TCRBV05-04,TCRBJ02-01,I
"AFPFTIYSL,GYINVFAFPF,INVFAFPFTI,MGYINVFAF,NVFAFPFTI,NVFAFPFTIY,YINVFAFPF",eAV88,29558,29605,ORF10,CASSSTGETQYF,TCRBV12-03/12-04,TCRBJ02-05,I
"AFPFTIYSL,GYINVFAFPF,INVFAFPFTI,MGYINVFAF,NVFAFPFTI,NVFAFPFTIY,YINVFAFPF",eAV91,29558,29605,ORF10,CASSVNSNQPQHF,TCRBV07-09,TCRBJ01-05,I
"AFPFTIYSL,GYINVFAFPF,INVFAFPFTI,MGYINVFAF,NVFAFPFTI,NVFAFPFTIY,YINVFAFPF",eHO131,29558,29605,ORF10,CASSFGGTQYF,TCRBV27-01,TCRBJ02-03,I
"AFPFTIYSL,GYINVFAFPF,INVFAFPFTI,MGYINVFAF,NVFAFPFTI,NVFAFPFTIY,YINVFAFPF",eEE226,29558,29605,ORF10,CASSYGSYGYTF,TCRBV06-05,TCRBJ01-02,I
"AFPFTIYSL,GYINVFAFPF,INVFAFPFTI,MGYINVFAF,NVFAFPFTI,NVFAFPFTIY,YINVFAFPF",eEE226,29558,29605,ORF10,CASSYSYEQYF,TCRBV12-03/12-04,TCRBJ02-07,I
"AFPFTIYSL,GYINVFAFPF,INVFAFPFTI,MGYINVFAF,NVFAFPFTI,NVFAFPFTIY,YINVFAFPF",eOX54,29558,29605,ORF10,CASSTGLYGYTF,TCRBV13-01,TCRBJ01-02,I
"AFPFTIYSL,GYINVFAFPF,INVFAFPFTI,MGYINVFAF,NVFAFPFTI,NVFAFPFTIY,YINVFAFPF",eOX54,29558,29605,ORF10,CASSQGAYGYTF,TCRBV13-01,TCRBJ01-02,I
"AFPFTIYSL,GYINVFAFPF,INVFAFPFTI,MGYINVFAF,NVFAFPFTI,NVFAFPFTIY,YINVFAFPF",eOX54,29558,29605,ORF10,CASSLAYEQFF,TCRBV12-03/12-04,TCRBJ02-01,I
"AFPFTIYSL,GYINVFAFPF,INVFAFPFTI,MGYINVFAF,NVFAFPFTI,NVFAFPFTIY,YINVFAFPF",eEE226,29558,29605,ORF10,CASSIGSYGYTF,TCRBV06-05,TCRBJ01-02,I
"AFPFTIYSL,GYINVFAFPF,INVFAFPFTI,MGYINVFAF,NVFAFPFTI,NVFAFPFTIY,YINVFAFPF",eOX52,29558,29605,ORF10,CASSSTGETQYF,TCRBV12-03/12-04,TCRBJ02-05,I
"AFPFTIYSL,GYINVFAFPF,INVFAFPFTI,MGYINVFAF,NVFAFPFTI,NVFAFPFTIY,YINVFAFPF",eEE224,29558,29605,ORF10,CASSFSSYEQYF,TCRBV12-03/12-04,TCRBJ02-07,I
"AFPFTIYSL,GYINVFAFPF,INVFAFPFTI,MGYINVFAF,NVFAFPFTI,NVFAFPFTIY,YINVFAFPF",eEE226,29558,29605,ORF10,CASSTGAYGYTF,TCRBV06-05,TCRBJ01-02,I
"AFPFTIYSL,GYINVFAFPF,INVFAFPFTI,MGYINVFAF,NVFAFPFTI,NVFAFPFTIY,YINVFAFPF",eEE226,29558,29605,ORF10,CASSLGQPQHF,TCRBV12-03/12-04,TCRBJ01-05,I
"AFPFTIYSL,GYINVFAFPF,INVFAFPFTI,MGYINVFAF,NVFAFPFTI,NVFAFPFTIY,YINVFAFPF",eEE240,29558,29605,ORF10,CASSLGLYGYTF,TCRBV13-01,TCRBJ01-02,I
"AFPFTIYSL,GYINVFAFPF,INVFAFPFTI,MGYINVFAF,NVFAFPFTI,NVFAFPFTIY,YINVFAFPF",eEE226,29558,29605,ORF10,CASSPDRESNQPQHF,TCRBV05-01,TCRBJ01-05,I
"AFPFTIYSL,GYINVFAFPF,INVFAFPFTI,MGYINVFAF,NVFAFPFTI,NVFAFPFTIY,YINVFAFPF",eHH173,29558,29605,ORF10,CASSYSYEQYF,TCRBV12-03/12-04,TCRBJ02-07,I
"AFPFTIYSL,GYINVFAFPF,INVFAFPFTI,MGYINVFAF,NVFAFPFTI,NVFAFPFTIY,YINVFAFPF",eEE240,29558,29605,ORF10,CASSYAETQYF,TCRBV06-06,TCRBJ02-05,I
"AFPFTIYSL,GYINVFAFPF,INVFAFPFTI,MGYINVFAF,NVFAFPFTI,NVFAFPFTIY,YINVFAFPF",eOX46,29558,29605,ORF10,CASSSGFYEQYF,TCRBV06-02/06-03,TCRBJ02-07,I
"AFPFTIYSL,GYINVFAFPF,INVFAFPFTI,MGYINVFAF,NVFAFPFTI,NVFAFPFTIY,YINVFAFPF",eXL30,29558,29605,ORF10,CASSFGEQFF,TCRBV07-09,TCRBJ02-01,I
"AFPFTIYSL,GYINVFAFPF,INVFAFPFTI,MGYINVFAF,NVFAFPFTI,NVFAFPFTIY,YINVFAFPF",eXL30,29558,29605,ORF10,CASSYGSYGYTF,TCRBV06-05,TCRBJ01-02,I
"AFPFTIYSL,GYINVFAFPF,INVFAFPFTI,MGYINVFAF,NVFAFPFTI,NVFAFPFTIY,YINVFAFPF",eLH46,29558,29605,ORF10,CASSITPNTEAFF,TCRBV19-01,TCRBJ01-01,I
"AFPFTIYSL,GYINVFAFPF,INVFAFPFTI,MGYINVFAF,NVFAFPFTI,NVFAFPFTIY,YINVFAFPF",eXL30,29558,29605,ORF10,CASSSTGETQYF,TCRBV12-03/12-04,TCRBJ02-05,I
"AFPFTIYSL,GYINVFAFPF,INVFAFPFTI,MGYINVFAF,NVFAFPFTI,NVFAFPFTIY,YINVFAFPF",eXL27,29558,29605,ORF10,CASSYSYEQYF,TCRBV12-03/12-04,TCRBJ02-07,I
"AFPFTIYSL,GYINVFAFPF,INVFAFPFTI,MGYINVFAF,NVFAFPFTI,NVFAFPFTIY,YINVFAFPF",eXL30,29558,29605,ORF10,CASSSGSYGYTF,TCRBV06-02/06-03,TCRBJ01-02,I
"AFPFTIYSL,GYINVFAFPF,INVFAFPFTI,MGYINVFAF,NVFAFPFTI,NVFAFPFTIY,YINVFAFPF",eXL30,29558,29605,ORF10,CASSFTVNYGYTF,TCRBV06-05,TCRBJ01-02,I
"NATRFASVYAWNRKRISNC,RVQPTESIVRFPNITNLCP,SNCVADYSVLYNSASFSTF,VRFPNITNLCPFGEVFNAT,YAWNRKRISNCVADYSVLY",eLH57,22517,22693,surface glycoprotein,CASSGTGAGEQYF,TCRBV02-01,TCRBJ02-07,II
"FNCYFPLQSYGFQPTNGVG,GVGYQPYRVVVLSFELLHA,LHAPATVCGPKKSTNLVKN,SYGFQPTNGVGYQPYRVVV,TPCNGVEGFNCYFPLQSYG,VVVLSFELLHAPATVCGPK",eNL187,22994,23170,surface glycoprotein,CASSLGSYGYTF,TCRBV07-X,TCRBJ01-02,II
"AQVKQIYKTPPIKDFGGFN,CGDSTECSNLLLQYGSFCT,DKNTQEVFAQVKQIYKTPP,FCTQLNRALTGIAVEQDKN,LTGIAVEQDKNTQEVFAQV,NLLLQYGSFCTQLNRALTG",eLH57,23789,23965,surface glycoprotein,CASSETGLNTEAFF,TCRBV05-01,TCRBJ01-01,II
"GAGAALQIPFAMQMAYRFN,GLTVLPPLLTDEMIAQYTS,LICAQKFNGLTVLPPLLTD,LTDEMIAQYTSALLAGTIT,TITSGWTFGAGAALQIPFA,YTSALLAGTITSGWTFGAG",eAV100,24107,24283,surface glycoprotein,CASSYSYEQYF,TCRBV11-02,TCRBJ02-07,II
"GAGAALQIPFAMQMAYRFN,GLTVLPPLLTDEMIAQYTS,LICAQKFNGLTVLPPLLTD,LTDEMIAQYTSALLAGTIT,TITSGWTFGAGAALQIPFA,YTSALLAGTITSGWTFGAG",eAV100,24107,24283,surface glycoprotein,CASSQTYEQYF,TCRBV11-02,TCRBJ02-07,II
"ECSLQSCTQHQPYVVDDPCP,HQPYVVDDPCPIHFYSKWYI,ITTVAAFHQECSLQSCTQHQ",eQD138,27921,28034,ORF8,CASSRGGLSYNEQFF,TCRBV05-01,TCRBJ02-01,II
"NGGDAALALLLLDRLNQLE,QASSRSSSRSRNSSRNSTP,RSRNSSRNSTPGSSRGTSP,STPGSSRGTSPARMAGNGG,TSPARMAGNGGDAALALLL",eAV100,28814,28966,nucleocapsid phosphoprotein,CASSPRSSYEQYF,TCRBV18-01,TCRBJ02-07,II
"NGGDAALALLLLDRLNQLE,QASSRSSSRSRNSSRNSTP,RSRNSSRNSTPGSSRGTSP,STPGSSRGTSPARMAGNGG,TSPARMAGNGGDAALALLL",eNL187,28814,28966,nucleocapsid phosphoprotein,CASSLGTSYEQYF,TCRBV05-05,TCRBJ02-07,II
"MSGKGQQQQGQTVTKKSAA,PRQKRTATKAYNVTQAFGR,QGQTVTKKSAAEASKKPRQ,RLNQLESKMSGKGQQQQGQ,SAAEASKKPRQKRTATKAY",eLH57,28949,29101,nucleocapsid phosphoprotein,CASTGGYGYTF,TCRBV28-01,TCRBJ01-02,II
