epitope,Experiment,Start Index in Genome,End Index in Genome,ORF Coverage,cdr3b,V,J,MHC,HLA-1,HLA-2
"STQDLFLPFF,TQDLFLPFF",eLH54,21710,21739,surface glycoprotein,CASSWTGNTEAFF,TCRBV05-01,TCRBJ01-01,I,A*02:01:01,A*03:01:01
"FFSNVTWFH,FLPFFSNVT,LPFFSNVTW,LPFFSNVTWF,PFFSNVTWF,SNVTWFHAI",ePD84,21725,21766,surface glycoprotein,CASSTRSTDTQYF,TCRBV19-01,TCRBJ02-03,I,A*02:01,A*02:01
"FFSNVTWFH,FLPFFSNVT,LPFFSNVTW,LPFFSNVTWF,PFFSNVTWF,SNVTWFHAI",eHO136,21725,21766,surface glycoprotein,CASSAGSYGYTF,TCRBV19-01,TCRBJ01-02,I,,
"FFSNVTWFH,FLPFFSNVT,LPFFSNVTW,LPFFSNVTWF,PFFSNVTWF,SNVTWFHAI",ePD84,21725,21766,surface glycoprotein,CASSIRSSYEQYF,TCRBV19-01,TCRBJ02-07,I,A*02:01,A*02:01
"FFSNVTWFH,FLPFFSNVT,LPFFSNVTW,LPFFSNVTWF,PFFSNVTWF,SNVTWFHAI",ePD84,21725,21766,surface glycoprotein,CASSVRSSYEQYF,TCRBV19-01,TCRBJ02-07,I,A*02:01,A*02:01
"FFSNVTWFH,FLPFFSNVT,LPFFSNVTW,LPFFSNVTWF,PFFSNVTWF,SNVTWFHAI",eHO128,21725,21766,surface glycoprotein,CASSIRSSYEQYF,TCRBV19-01,TCRBJ02-07,I,A*01:01:01,A*02:01:01
"FFSNVTWFH,FLPFFSNVT,LPFFSNVTW,LPFFSNVTWF,PFFSNVTWF,SNVTWFHAI",ePD84,21725,21766,surface glycoprotein,CASSRRSTDTQYF,TCRBV19-01,TCRBJ02-03,I,A*02:01,A*02:01
"FFSNVTWFH,FLPFFSNVT,LPFFSNVTW,LPFFSNVTWF,PFFSNVTWF,SNVTWFHAI",eHO136,21725,21766,surface glycoprotein,CASSTSGANQPQHF,TCRBV19-01,TCRBJ01-05,I,,
"FFSNVTWFH,FLPFFSNVT,LPFFSNVTW,LPFFSNVTWF,PFFSNVTWF,SNVTWFHAI",ePD84,21725,21766,surface glycoprotein,CASSGRAGNEQFF,TCRBV19-01,TCRBJ02-01,I,A*02:01,A*02:01
"FFSNVTWFH,FLPFFSNVT,LPFFSNVTW,LPFFSNVTWF,PFFSNVTWF,SNVTWFHAI",eJL149,21725,21766,surface glycoprotein,CASSIRSTGELFF,TCRBV19-01,TCRBJ02-02,I,A*02:01:01,A*02:05:01
"FFSNVTWFH,FLPFFSNVT,LPFFSNVTW,LPFFSNVTWF,PFFSNVTWF,SNVTWFHAI",ePD84,21725,21766,surface glycoprotein,CASSMRSSYEQYF,TCRBV19-01,TCRBJ02-07,I,A*02:01,A*02:01
"FFSNVTWFH,FLPFFSNVT,LPFFSNVTW,LPFFSNVTWF,PFFSNVTWF,SNVTWFHAI",eJL148,21725,21766,surface glycoprotein,CASSLRSTDTQYF,TCRBV19-01,TCRBJ02-03,I,A*02:01:01,A*02:01:01
"FFSNVTWFH,FLPFFSNVT,LPFFSNVTW,LPFFSNVTWF,PFFSNVTWF,SNVTWFHAI",ePD84,21725,21766,surface glycoprotein,CASSIRSTDTQYF,TCRBV19-01,TCRBJ02-03,I,A*02:01,A*02:01
"FFSNVTWFH,FLPFFSNVT,LPFFSNVTW,LPFFSNVTWF,PFFSNVTWF,SNVTWFHAI",ePD84,21725,21766,surface glycoprotein,CASSLRSTGELFF,TCRBV19-01,TCRBJ02-02,I,A*02:01,A*02:01
"FFSNVTWFH,FLPFFSNVT,LPFFSNVTW,LPFFSNVTWF,PFFSNVTWF,SNVTWFHAI",ePD83,21725,21766,surface glycoprotein,CASSTSGANQPQHF,TCRBV19-01,TCRBJ01-05,I,A*02:01,A*02:01
"FFSNVTWFH,FLPFFSNVT,LPFFSNVTW,LPFFSNVTWF,PFFSNVTWF,SNVTWFHAI",eLH42,21725,21766,surface glycoprotein,CASSIRSTDTQYF,TCRBV19-01,TCRBJ02-03,I,A*02:01:01,A*23:01:01
"FFSNVTWFH,FLPFFSNVT,LPFFSNVTW,LPFFSNVTWF,PFFSNVTWF,SNVTWFHAI",ePD84,21725,21766,surface glycoprotein,CASSMRSGVEQFF,TCRBV19-01,TCRBJ02-01,I,A*02:01,A*02:01
"FFSNVTWFH,FLPFFSNVT,LPFFSNVTW,LPFFSNVTWF,PFFSNVTWF,SNVTWFHAI",eJL148,21725,21766,surface glycoprotein,CASSRRSTGELFF,TCRBV19-01,TCRBJ02-02,I,A*02:01:01,A*02:01:01
"FFSNVTWFH,FLPFFSNVT,LPFFSNVTW,LPFFSNVTWF,PFFSNVTWF,SNVTWFHAI",ePD84,21725,21766,surface glycoprotein,CASSSRSGTEAFF,TCRBV19-01,TCRBJ01-01,I,A*02:01,A*02:01
"FFSNVTWFH,FLPFFSNVT,LPFFSNVTW,LPFFSNVTWF,PFFSNVTWF,SNVTWFHAI",eJL148,21725,21766,surface glycoprotein,CASSIRSTDTQYF,TCRBV19-01,TCRBJ02-03,I,A*02:01:01,A*02:01:01
"FFSNVTWFH,FLPFFSNVT,LPFFSNVTW,LPFFSNVTWF,PFFSNVTWF,SNVTWFHAI",ePD84,21725,21766,surface glycoprotein,CASSMRSTGELFF,TCRBV19-01,TCRBJ02-02,I,A*02:01,A*02:01
"FFSNVTWFH,FLPFFSNVT,LPFFSNVTW,LPFFSNVTWF,PFFSNVTWF,SNVTWFHAI",eJL148,21725,21766,surface glycoprotein,CASSIRSTGELFF,TCRBV19-01,TCRBJ02-02,I,A*02:01:01,A*02:01:01
"FFSNVTWFH,FLPFFSNVT,LPFFSNVTW,LPFFSNVTWF,PFFSNVTWF,SNVTWFHAI",ePD84,21725,21766,surface glycoprotein,CASSIRSAYEQYF,TCRBV19-01,TCRBJ02-07,I,A*02:01,A*02:01
"FFSNVTWFH,FLPFFSNVT,LPFFSNVTW,LPFFSNVTWF,PFFSNVTWF,SNVTWFHAI",ePD84,21725,21766,surface glycoprotein,CASSIRSSETQYF,TCRBV19-01,TCRBJ02-05,I,A*02:01,A*02:01
"FFSNVTWFH,FLPFFSNVT,LPFFSNVTW,LPFFSNVTWF,PFFSNVTWF,SNVTWFHAI",ePD84,21725,21766,surface glycoprotein,CASSIRASYEQYF,TCRBV19-01,TCRBJ02-07,I,A*02:01,A*02:01
"FFSNVTWFH,FLPFFSNVT,LPFFSNVTW,LPFFSNVTWF,PFFSNVTWF,SNVTWFHAI",eHO132,21725,21766,surface glycoprotein,CASSIRSSYEQYF,TCRBV19-01,TCRBJ02-07,I,A*02:01:01,A*24:02:01
"FFSNVTWFH,FLPFFSNVT,LPFFSNVTW,LPFFSNVTWF,PFFSNVTWF,SNVTWFHAI",ePD84,21725,21766,surface glycoprotein,CASSIRSSDEQFF,TCRBV19-01,TCRBJ02-01,I,A*02:01,A*02:01
"FFSNVTWFH,FLPFFSNVT,LPFFSNVTW,LPFFSNVTWF,PFFSNVTWF,SNVTWFHAI",eJL147,21725,21766,surface glycoprotein,CASSTRSNQPQHF,TCRBV19-01,TCRBJ01-05,I,A*02:01,A*11:01
"FFSNVTWFH,FLPFFSNVT,LPFFSNVTW,LPFFSNVTWF,PFFSNVTWF,SNVTWFHAI",ePD84,21725,21766,surface glycoprotein,CASSSRSGVEQFF,TCRBV19-01,TCRBJ02-01,I,A*02:01,A*02:01
"FFSNVTWFH,FLPFFSNVT,LPFFSNVTW,LPFFSNVTWF,PFFSNVTWF,SNVTWFHAI",ePD84,21725,21766,surface glycoprotein,CASSPRSGIEQFF,TCRBV19-01,TCRBJ02-01,I,A*02:01,A*02:01
"FFSNVTWFH,FLPFFSNVT,LPFFSNVTW,LPFFSNVTWF,PFFSNVTWF,SNVTWFHAI",eHO125,21725,21766,surface glycoprotein,CASSIRSSYEQYF,TCRBV19-01,TCRBJ02-07,I,A*02:01:01,A*02:01:01
"FFSNVTWFH,FLPFFSNVT,LPFFSNVTW,LPFFSNVTWF,PFFSNVTWF,SNVTWFHAI",ePD84,21725,21766,surface glycoprotein,CASSLRSSYEQYF,TCRBV19-01,TCRBJ02-07,I,A*02:01,A*02:01
"FFSNVTWFH,FLPFFSNVT,LPFFSNVTW,LPFFSNVTWF,PFFSNVTWF,SNVTWFHAI",eHO136,21725,21766,surface glycoprotein,CASSMGSYGYTF,TCRBV19-01,TCRBJ01-02,I,,
"FFSNVTWFH,FLPFFSNVT,LPFFSNVTW,LPFFSNVTWF,PFFSNVTWF,SNVTWFHAI",ePD83,21725,21766,surface glycoprotein,CASSIRSSYEQYF,TCRBV19-01,TCRBJ02-07,I,A*02:01,A*02:01
"FFSNVTWFH,FLPFFSNVT,LPFFSNVTW,LPFFSNVTWF,PFFSNVTWF,SNVTWFHAI",eHO131,21725,21766,surface glycoprotein,CASSIRSTDTQYF,TCRBV19-01,TCRBJ02-03,I,A*02:01:01,A*02:01:01
"FFSNVTWFH,FLPFFSNVT,LPFFSNVTW,LPFFSNVTWF,PFFSNVTWF,SNVTWFHAI",eHO136,21725,21766,surface glycoprotein,CASSIRSAYEQYF,TCRBV19-01,TCRBJ02-07,I,,
"FFSNVTWFH,FLPFFSNVT,LPFFSNVTW,LPFFSNVTWF,PFFSNVTWF,SNVTWFHAI",ePD84,21725,21766,surface glycoprotein,CASSIRSGWEQFF,TCRBV19-01,TCRBJ02-01,I,A*02:01,A*02:01
"FFSNVTWFH,FLPFFSNVT,LPFFSNVTW,LPFFSNVTWF,PFFSNVTWF,SNVTWFHAI",ePD84,21725,21766,surface glycoprotein,CASSIGAYGYTF,TCRBV19-01,TCRBJ01-02,I,A*02:01,A*02:01
"FFSNVTWFH,FLPFFSNVT,LPFFSNVTW,LPFFSNVTWF,PFFSNVTWF,SNVTWFHAI",eHO131,21725,21766,surface glycoprotein,CASSRRSTDTQYF,TCRBV19-01,TCRBJ02-03,I,A*02:01:01,A*02:01:01
"FFSNVTWFH,FLPFFSNVT,LPFFSNVTW,LPFFSNVTWF,PFFSNVTWF,SNVTWFHAI",eHO136,21725,21766,surface glycoprotein,CASSIRSSYEQYF,TCRBV19-01,TCRBJ02-07,I,,
"FFSNVTWFH,FLPFFSNVT,LPFFSNVTW,LPFFSNVTWF,PFFSNVTWF,SNVTWFHAI",eHO131,21725,21766,surface glycoprotein,CASSTRSGTEQFF,TCRBV19-01,TCRBJ02-01,I,A*02:01:01,A*02:01:01
"FFSNVTWFH,FLPFFSNVT,LPFFSNVTW,LPFFSNVTWF,PFFSNVTWF,SNVTWFHAI",eLH42,21725,21766,surface glycoprotein,CASSSRSAYEQYF,TCRBV19-01,TCRBJ02-07,I,A*02:01:01,A*23:01:01
"FFSNVTWFH,FLPFFSNVT,LPFFSNVTW,LPFFSNVTWF,PFFSNVTWF,SNVTWFHAI",eHO132,21725,21766,surface glycoprotein,CASSLRSSYEQYF,TCRBV19-01,TCRBJ02-07,I,A*02:01:01,A*24:02:01
"FFSNVTWFH,FLPFFSNVT,LPFFSNVTW,LPFFSNVTWF,PFFSNVTWF,SNVTWFHAI",eHO132,21725,21766,surface glycoprotein,CASSIRSAYEQYF,TCRBV19-01,TCRBJ02-07,I,A*02:01:01,A*24:02:01
"FFSNVTWFH,FLPFFSNVT,LPFFSNVTW,LPFFSNVTWF,PFFSNVTWF,SNVTWFHAI",eHO132,21725,21766,surface glycoprotein,CASSVRSSYEQYF,TCRBV19-01,TCRBJ02-07,I,A*02:01:01,A*24:02:01
"FFSNVTWFH,FLPFFSNVT,LPFFSNVTW,LPFFSNVTWF,PFFSNVTWF,SNVTWFHAI",ePD84,21725,21766,surface glycoprotein,CASSWRSTDTQYF,TCRBV19-01,TCRBJ02-03,I,A*02:01,A*02:01
"FFSNVTWFH,FLPFFSNVT,LPFFSNVTW,LPFFSNVTWF,PFFSNVTWF,SNVTWFHAI",eHO132,21725,21766,surface glycoprotein,CASSSRSGNEQFF,TCRBV19-01,TCRBJ02-01,I,A*02:01:01,A*24:02:01
"FFSNVTWFH,FLPFFSNVT,LPFFSNVTW,LPFFSNVTWF,PFFSNVTWF,SNVTWFHAI",ePD84,21725,21766,surface glycoprotein,CASSIRSSNEQFF,TCRBV19-01,TCRBJ02-01,I,A*02:01,A*02:01
"FFSNVTWFH,FLPFFSNVT,LPFFSNVTW,LPFFSNVTWF,PFFSNVTWF,SNVTWFHAI",eLH42,21725,21766,surface glycoprotein,CASSSRSSYEQYF,TCRBV19-01,TCRBJ02-07,I,A*02:01:01,A*23:01:01
"FFSNVTWFH,FLPFFSNVT,LPFFSNVTW,LPFFSNVTWF,PFFSNVTWF,SNVTWFHAI",ePD84,21725,21766,surface glycoprotein,CASSIYSNQPQHF,TCRBV19-01,TCRBJ01-05,I,A*02:01,A*02:01
"FFSNVTWFH,FLPFFSNVT,LPFFSNVTW,LPFFSNVTWF,PFFSNVTWF,SNVTWFHAI",eHO128,21725,21766,surface glycoprotein,CASSSRSAYEQYF,TCRBV19-01,TCRBJ02-07,I,A*01:01:01,A*02:01:01
"FFSNVTWFH,FLPFFSNVT,LPFFSNVTW,LPFFSNVTWF,PFFSNVTWF,SNVTWFHAI",ePD83,21725,21766,surface glycoprotein,CASSIGVYGYTF,TCRBV19-01,TCRBJ01-02,I,A*02:01,A*02:01
"FFSNVTWFH,FLPFFSNVT,LPFFSNVTW,LPFFSNVTWF,PFFSNVTWF,SNVTWFHAI",ePD84,21725,21766,surface glycoprotein,CASSGRSTGELFF,TCRBV19-01,TCRBJ02-02,I,A*02:01,A*02:01
"FFSNVTWFH,FLPFFSNVT,LPFFSNVTW,LPFFSNVTWF,PFFSNVTWF,SNVTWFHAI",eLH41,21725,21766,surface glycoprotein,CASSTRSTGELFF,TCRBV19-01,TCRBJ02-02,I,A*02:01:01,A*03:01:01
"FFSNVTWFH,FLPFFSNVT,LPFFSNVTW,LPFFSNVTWF,PFFSNVTWF,SNVTWFHAI",ePD84,21725,21766,surface glycoprotein,CASSMRSADTQYF,TCRBV19-01,TCRBJ02-03,I,A*02:01,A*02:01
"FFSNVTWFH,FLPFFSNVT,LPFFSNVTW,LPFFSNVTWF,PFFSNVTWF,SNVTWFHAI",ePD84,21725,21766,surface glycoprotein,CASSVRASYEQYF,TCRBV19-01,TCRBJ02-07,I,A*02:01,A*02:01
"FFSNVTWFH,FLPFFSNVT,LPFFSNVTW,LPFFSNVTWF,PFFSNVTWF,SNVTWFHAI",eLH41,21725,21766,surface glycoprotein,CASSIRGGSSYNEQFF,TCRBV19-01,TCRBJ02-01,I,A*02:01:01,A*03:01:01
"FFSNVTWFH,FLPFFSNVT,LPFFSNVTW,LPFFSNVTWF,PFFSNVTWF,SNVTWFHAI",ePD84,21725,21766,surface glycoprotein,CASSGRSTDTQYF,TCRBV19-01,TCRBJ02-03,I,A*02:01,A*02:01
"FFSNVTWFH,FLPFFSNVT,LPFFSNVTW,LPFFSNVTWF,PFFSNVTWF,SNVTWFHAI",eLH41,21725,21766,surface glycoprotein,CASSMRSSYEQYF,TCRBV19-01,TCRBJ02-07,I,A*02:01:01,A*03:01:01
"FFSNVTWFH,FLPFFSNVT,LPFFSNVTW,LPFFSNVTWF,PFFSNVTWF,SNVTWFHAI",eLH41,21725,21766,surface glycoprotein,CASSIRSSYEQYF,TCRBV19-01,TCRBJ02-07,I,A*02:01:01,A*03:01:01
"FFSNVTWFH,FLPFFSNVT,LPFFSNVTW,LPFFSNVTWF,PFFSNVTWF,SNVTWFHAI",ePD84,21725,21766,surface glycoprotein,CASSIRSGYEQYF,TCRBV19-01,TCRBJ02-07,I,A*02:01,A*02:01
"FFSNVTWFH,FLPFFSNVT,LPFFSNVTW,LPFFSNVTWF,PFFSNVTWF,SNVTWFHAI",eHO124,21725,21766,surface glycoprotein,CASSIRSSYEQYF,TCRBV19-01,TCRBJ02-07,I,A*02:01,A*03:01
"FFSNVTWFH,FLPFFSNVT,LPFFSNVTW,LPFFSNVTWF,PFFSNVTWF,SNVTWFHAI",ePD84,21725,21766,surface glycoprotein,CASSIRSSDTQYF,TCRBV19-01,TCRBJ02-03,I,A*02:01,A*02:01
"FFSNVTWFH,FLPFFSNVT,LPFFSNVTW,LPFFSNVTWF,PFFSNVTWF,SNVTWFHAI",ePD85,21725,21766,surface glycoprotein,CASSIRSTGELFF,TCRBV19-01,TCRBJ02-02,I,A*02:01,A*29:01
"FFSNVTWFH,FLPFFSNVT,LPFFSNVTW,LPFFSNVTWF,PFFSNVTWF,SNVTWFHAI",eLH41,21725,21766,surface glycoprotein,CASSIISTDTQYF,TCRBV19-01,TCRBJ02-03,I,A*02:01:01,A*03:01:01
"FFSNVTWFH,FLPFFSNVT,LPFFSNVTW,LPFFSNVTWF,PFFSNVTWF,SNVTWFHAI",ePD84,21725,21766,surface glycoprotein,CASSIRAAYEQYF,TCRBV19-01,TCRBJ02-07,I,A*02:01,A*02:01
"FFSNVTWFH,FLPFFSNVT,LPFFSNVTW,LPFFSNVTWF,PFFSNVTWF,SNVTWFHAI",ePD84,21725,21766,surface glycoprotein,CASSARSTGELFF,TCRBV19-01,TCRBJ02-02,I,A*02:01,A*02:01
"FFSNVTWFH,FLPFFSNVT,LPFFSNVTW,LPFFSNVTWF,PFFSNVTWF,SNVTWFHAI",ePD86,21725,21766,surface glycoprotein,CASSIRSSYEQYF,TCRBV19-01,TCRBJ02-07,I,A*02:01:01,A*26:01:01
"FFSNVTWFH,FLPFFSNVT,LPFFSNVTW,LPFFSNVTWF,PFFSNVTWF,SNVTWFHAI",eLH42,21725,21766,surface glycoprotein,CASSIRSSYEQYF,TCRBV19-01,TCRBJ02-07,I,A*02:01:01,A*23:01:01
"FFSNVTWFH,FLPFFSNVT,LPFFSNVTW,LPFFSNVTWF,PFFSNVTWF,SNVTWFHAI",ePD84,21725,21766,surface glycoprotein,CASSTRSAYEQYF,TCRBV19-01,TCRBJ02-07,I,A*02:01,A*02:01
"FFSNVTWFH,FLPFFSNVT,LPFFSNVTW,LPFFSNVTWF,PFFSNVTWF,SNVTWFHAI",eHO130,21725,21766,surface glycoprotein,CASSIRSSYEQYF,TCRBV19-01,TCRBJ02-07,I,A*02:01,A*03:01
"FFSNVTWFH,FLPFFSNVT,LPFFSNVTW,LPFFSNVTWF,PFFSNVTWF,SNVTWFHAI",eJL147,21725,21766,surface glycoprotein,CASSIRSTDTQYF,TCRBV19-01,TCRBJ02-03,I,A*02:01,A*11:01
"FFSNVTWFH,FLPFFSNVT,LPFFSNVTW,LPFFSNVTWF,PFFSNVTWF,SNVTWFHAI",ePD84,21725,21766,surface glycoprotein,CASSMRSTDTQYF,TCRBV19-01,TCRBJ02-03,I,A*02:01,A*02:01
"FFSNVTWFH,FLPFFSNVT,LPFFSNVTW,LPFFSNVTWF,PFFSNVTWF,SNVTWFHAI",eJL147,21725,21766,surface glycoprotein,CASSSRSAGELFF,TCRBV19-01,TCRBJ02-02,I,A*02:01,A*11:01
"FFSNVTWFH,FLPFFSNVT,LPFFSNVTW,LPFFSNVTWF,PFFSNVTWF,SNVTWFHAI",ePD83,21725,21766,surface glycoprotein,CASSGRSTGELFF,TCRBV19-01,TCRBJ02-02,I,A*02:01,A*02:01
"FFSNVTWFH,FLPFFSNVT,LPFFSNVTW,LPFFSNVTWF,PFFSNVTWF,SNVTWFHAI",ePD84,21725,21766,surface glycoprotein,CASSIRAGETQYF,TCRBV19-01,TCRBJ02-05,I,A*02:01,A*02:01
"FFSNVTWFH,FLPFFSNVT,LPFFSNVTW,LPFFSNVTWF,PFFSNVTWF,SNVTWFHAI",ePD84,21725,21766,surface glycoprotein,CASSVRSTDTQYF,TCRBV19-01,TCRBJ02-03,I,A*02:01,A*02:01
"FFSNVTWFH,FLPFFSNVT,LPFFSNVTW,LPFFSNVTWF,PFFSNVTWF,SNVTWFHAI",eJL148,21725,21766,surface glycoprotein,CASSGRSAGELFF,TCRBV19-01,TCRBJ02-02,I,A*02:01:01,A*02:01:01
"FFSNVTWFH,FLPFFSNVT,LPFFSNVTW,LPFFSNVTWF,PFFSNVTWF,SNVTWFHAI",eJL148,21725,21766,surface glycoprotein,CASSKRSTDTQYF,TCRBV19-01,TCRBJ02-03,I,A*02:01:01,A*02:01:01
"FFSNVTWFH,FLPFFSNVT,LPFFSNVTW,LPFFSNVTWF,PFFSNVTWF,SNVTWFHAI",ePD84,21725,21766,surface glycoprotein,CASSLRSTDTQYF,TCRBV19-01,TCRBJ02-03,I,A*02:01,A*02:01
"FFSNVTWFH,FLPFFSNVT,LPFFSNVTW,LPFFSNVTWF,PFFSNVTWF,SNVTWFHAI",ePD84,21725,21766,surface glycoprotein,CASSQRSTDTQYF,TCRBV19-01,TCRBJ02-03,I,A*02:01,A*02:01
"FFSNVTWFH,FLPFFSNVT,LPFFSNVTW,LPFFSNVTWF,PFFSNVTWF,SNVTWFHAI",eJL148,21725,21766,surface glycoprotein,CASSMRSAYEQYF,TCRBV19-01,TCRBJ02-07,I,A*02:01:01,A*02:01:01
"FFSNVTWFH,FLPFFSNVT,LPFFSNVTW,LPFFSNVTWF,PFFSNVTWF,SNVTWFHAI",ePD84,21725,21766,surface glycoprotein,CASSIRSTGELFF,TCRBV19-01,TCRBJ02-02,I,A*02:01,A*02:01
"FFSNVTWFH,FLPFFSNVT,LPFFSNVTW,LPFFSNVTWF,PFFSNVTWF,SNVTWFHAI",ePD84,21725,21766,surface glycoprotein,CASSSRSAYEQYF,TCRBV19-01,TCRBJ02-07,I,A*02:01,A*02:01
"FFSNVTWFH,FLPFFSNVT,LPFFSNVTW,LPFFSNVTWF,PFFSNVTWF,SNVTWFHAI",ePD84,21725,21766,surface glycoprotein,CASSSRSTGELFF,TCRBV19-01,TCRBJ02-02,I,A*02:01,A*02:01
"FFSNVTWFH,FLPFFSNVT,LPFFSNVTW,LPFFSNVTWF,PFFSNVTWF,SNVTWFHAI",ePD84,21725,21766,surface glycoprotein,CASSGRAGDTQYF,TCRBV19-01,TCRBJ02-03,I,A*02:01,A*02:01
"FFSNVTWFH,FLPFFSNVT,LPFFSNVTW,LPFFSNVTWF,PFFSNVTWF,SNVTWFHAI",ePD84,21725,21766,surface glycoprotein,CASSIRSGVEQYF,TCRBV19-01,TCRBJ02-07,I,A*02:01,A*02:01
"FFSNVTWFH,FLPFFSNVT,LPFFSNVTW,LPFFSNVTWF,PFFSNVTWF,SNVTWFHAI",ePD83,21725,21766,surface glycoprotein,CASSIRSTGELFF,TCRBV19-01,TCRBJ02-02,I,A*02:01,A*02:01
"FFSNVTWFH,FLPFFSNVT,LPFFSNVTW,LPFFSNVTWF,PFFSNVTWF,SNVTWFHAI",eQD124,21725,21766,surface glycoprotein,CASSARSTGELFF,TCRBV19-01,TCRBJ02-02,I,A*01:01:01,A*02:01:01
"FFSNVTWFH,FLPFFSNVT,LPFFSNVTW,LPFFSNVTWF,PFFSNVTWF,SNVTWFHAI",eQD123,21725,21766,surface glycoprotein,CASSRRSTDTQYF,TCRBV19-01,TCRBJ02-03,I,A*02:01:01,A*03:01:01
"FFSNVTWFH,FLPFFSNVT,LPFFSNVTW,LPFFSNVTWF,PFFSNVTWF,SNVTWFHAI",eQD123,21725,21766,surface glycoprotein,CASSMRSTDTQYF,TCRBV19-01,TCRBJ02-03,I,A*02:01:01,A*03:01:01
"FFSNVTWFH,FLPFFSNVT,LPFFSNVTW,LPFFSNVTWF,PFFSNVTWF,SNVTWFHAI",ePD76,21725,21766,surface glycoprotein,CASSIRSSYEQYF,TCRBV19-01,TCRBJ02-07,I,A*02:01,A*03:01
"FFSNVTWFH,FLPFFSNVT,LPFFSNVTW,LPFFSNVTWF,PFFSNVTWF,SNVTWFHAI",eQD123,21725,21766,surface glycoprotein,CASSIFSNQPQHF,TCRBV19-01,TCRBJ01-05,I,A*02:01:01,A*03:01:01
"FFSNVTWFH,FLPFFSNVT,LPFFSNVTW,LPFFSNVTWF,PFFSNVTWF,SNVTWFHAI",eQD137,21725,21766,surface glycoprotein,CASSIRSSYEQYF,TCRBV19-01,TCRBJ02-07,I,A*01:01:01,A*02:01:01
"FFSNVTWFH,FLPFFSNVT,LPFFSNVTW,LPFFSNVTWF,PFFSNVTWF,SNVTWFHAI",eMR16,21725,21766,surface glycoprotein,CASSIRSSHEQFF,TCRBV19-01,TCRBJ02-01,I,A*02:01:01,A*02:01:01
"FFSNVTWFH,FLPFFSNVT,LPFFSNVTW,LPFFSNVTWF,PFFSNVTWF,SNVTWFHAI",eQD124,21725,21766,surface glycoprotein,CASSSRSTDTQYF,TCRBV19-01,TCRBJ02-03,I,A*01:01:01,A*02:01:01
"FFSNVTWFH,FLPFFSNVT,LPFFSNVTW,LPFFSNVTWF,PFFSNVTWF,SNVTWFHAI",eQD123,21725,21766,surface glycoprotein,CASSSRSTDTQYF,TCRBV19-01,TCRBJ02-03,I,A*02:01:01,A*03:01:01
"FFSNVTWFH,FLPFFSNVT,LPFFSNVTW,LPFFSNVTWF,PFFSNVTWF,SNVTWFHAI",ePD83,21725,21766,surface glycoprotein,CASSPRSGIEQFF,TCRBV19-01,TCRBJ02-01,I,A*02:01,A*02:01
"FFSNVTWFH,FLPFFSNVT,LPFFSNVTW,LPFFSNVTWF,PFFSNVTWF,SNVTWFHAI",eMR20,21725,21766,surface glycoprotein,CASSIGSYGYTF,TCRBV19-01,TCRBJ01-02,I,A*02:01:01,A*26:01:01
"FFSNVTWFH,FLPFFSNVT,LPFFSNVTW,LPFFSNVTWF,PFFSNVTWF,SNVTWFHAI",eQD137,21725,21766,surface glycoprotein,CASSIRSAYEQYF,TCRBV19-01,TCRBJ02-07,I,A*01:01:01,A*02:01:01
"FFSNVTWFH,FLPFFSNVT,LPFFSNVTW,LPFFSNVTWF,PFFSNVTWF,SNVTWFHAI",eQD123,21725,21766,surface glycoprotein,CASSIRSSYEQYF,TCRBV19-01,TCRBJ02-07,I,A*02:01:01,A*03:01:01
"FFSNVTWFH,FLPFFSNVT,LPFFSNVTW,LPFFSNVTWF,PFFSNVTWF,SNVTWFHAI",ePD83,21725,21766,surface glycoprotein,CASSIRSGETQYF,TCRBV19-01,TCRBJ02-05,I,A*02:01,A*02:01
"FFSNVTWFH,FLPFFSNVT,LPFFSNVTW,LPFFSNVTWF,PFFSNVTWF,SNVTWFHAI",eQD123,21725,21766,surface glycoprotein,CASSVYSNQPQHF,TCRBV19-01,TCRBJ01-05,I,A*02:01:01,A*03:01:01
"FFSNVTWFH,FLPFFSNVT,LPFFSNVTW,LPFFSNVTWF,PFFSNVTWF,SNVTWFHAI",eMR16,21725,21766,surface glycoprotein,CASSLRSSYEQYF,TCRBV19-01,TCRBJ02-07,I,A*02:01:01,A*02:01:01
"FFSNVTWFH,FLPFFSNVT,LPFFSNVTW,LPFFSNVTWF,PFFSNVTWF,SNVTWFHAI",ePD83,21725,21766,surface glycoprotein,CASSLRSTGELFF,TCRBV19-01,TCRBJ02-02,I,A*02:01,A*02:01
"FFSNVTWFH,FLPFFSNVT,LPFFSNVTW,LPFFSNVTWF,PFFSNVTWF,SNVTWFHAI",ePD76,21725,21766,surface glycoprotein,CASSIRSAYEQYF,TCRBV19-01,TCRBJ02-07,I,A*02:01,A*03:01
"FFSNVTWFH,FLPFFSNVT,LPFFSNVTW,LPFFSNVTWF,PFFSNVTWF,SNVTWFHAI",eMR20,21725,21766,surface glycoprotein,CASSSRSAYEQYF,TCRBV19-01,TCRBJ02-07,I,A*02:01:01,A*26:01:01
"FFSNVTWFH,FLPFFSNVT,LPFFSNVTW,LPFFSNVTWF,PFFSNVTWF,SNVTWFHAI",eQD123,21725,21766,surface glycoprotein,CASSIRSTDTQYF,TCRBV19-01,TCRBJ02-03,I,A*02:01:01,A*03:01:01
"FFSNVTWFH,FLPFFSNVT,LPFFSNVTW,LPFFSNVTWF,PFFSNVTWF,SNVTWFHAI",eQD123,21725,21766,surface glycoprotein,CASSIRSGYEQFF,TCRBV19-01,TCRBJ02-01,I,A*02:01:01,A*03:01:01
"FFSNVTWFH,FLPFFSNVT,LPFFSNVTW,LPFFSNVTWF,PFFSNVTWF,SNVTWFHAI",eMR16,21725,21766,surface glycoprotein,CASSTRSSYEQYF,TCRBV19-01,TCRBJ02-07,I,A*02:01:01,A*02:01:01
"FFSNVTWFH,FLPFFSNVT,LPFFSNVTW,LPFFSNVTWF,PFFSNVTWF,SNVTWFHAI",eMR20,21725,21766,surface glycoprotein,CASSIRSSYEQYF,TCRBV19-01,TCRBJ02-07,I,A*02:01:01,A*26:01:01
"FFSNVTWFH,FLPFFSNVT,LPFFSNVTW,LPFFSNVTWF,PFFSNVTWF,SNVTWFHAI",eQD123,21725,21766,surface glycoprotein,CASSSRSAYEQYF,TCRBV19-01,TCRBJ02-07,I,A*02:01:01,A*03:01:01
"FFSNVTWFH,FLPFFSNVT,LPFFSNVTW,LPFFSNVTWF,PFFSNVTWF,SNVTWFHAI",eEE243,21725,21766,surface glycoprotein,CASSIRSAYEQYF,TCRBV19-01,TCRBJ02-07,I,A*02:01,A*02:01
"FFSNVTWFH,FLPFFSNVT,LPFFSNVTW,LPFFSNVTWF,PFFSNVTWF,SNVTWFHAI",eEE243,21725,21766,surface glycoprotein,CASSIRSSYEQYF,TCRBV19-01,TCRBJ02-07,I,A*02:01,A*02:01
"FFSNVTWFH,FLPFFSNVT,LPFFSNVTW,LPFFSNVTWF,PFFSNVTWF,SNVTWFHAI",eHH173,21725,21766,surface glycoprotein,CASSIRSSYEQYF,TCRBV19-01,TCRBJ02-07,I,A*02:01,A*03:01
"FFSNVTWFH,FLPFFSNVT,LPFFSNVTW,LPFFSNVTWF,PFFSNVTWF,SNVTWFHAI",eHH174,21725,21766,surface glycoprotein,CASSIRSSYEQYF,TCRBV19-01,TCRBJ02-07,I,A*01:01,A*02:01
"FFSNVTWFH,FLPFFSNVT,LPFFSNVTW,LPFFSNVTWF,PFFSNVTWF,SNVTWFHAI",eEE243,21725,21766,surface glycoprotein,CASSMRSSYEQYF,TCRBV19-01,TCRBJ02-07,I,A*02:01,A*02:01
"FFSNVTWFH,FLPFFSNVT,LPFFSNVTW,LPFFSNVTWF,PFFSNVTWF,SNVTWFHAI",eQD124,21725,21766,surface glycoprotein,CASSIRSSYEQYF,TCRBV19-01,TCRBJ02-07,I,A*01:01:01,A*02:01:01
"FFSNVTWFH,FLPFFSNVT,LPFFSNVTW,LPFFSNVTWF,PFFSNVTWF,SNVTWFHAI",eQD123,21725,21766,surface glycoprotein,CASSIRSAYEQYF,TCRBV19-01,TCRBJ02-07,I,A*02:01:01,A*03:01:01
"FFSNVTWFH,FLPFFSNVT,LPFFSNVTW,LPFFSNVTWF,PFFSNVTWF,SNVTWFHAI",eEE243,21725,21766,surface glycoprotein,CASSTRSGIEQFF,TCRBV19-01,TCRBJ02-01,I,A*02:01,A*02:01
"FFSNVTWFH,FLPFFSNVT,LPFFSNVTW,LPFFSNVTWF,PFFSNVTWF,SNVTWFHAI",eHH173,21725,21766,surface glycoprotein,CASSIRSAGELFF,TCRBV19-01,TCRBJ02-02,I,A*02:01,A*03:01
"FFSNVTWFH,FLPFFSNVT,LPFFSNVTW,LPFFSNVTWF,PFFSNVTWF,SNVTWFHAI",eEE243,21725,21766,surface glycoprotein,CASSIRSVGELFF,TCRBV19-01,TCRBJ02-02,I,A*02:01,A*02:01
"FFSNVTWFH,FLPFFSNVT,LPFFSNVTW,LPFFSNVTWF,PFFSNVTWF,SNVTWFHAI",eEE243,21725,21766,surface glycoprotein,CASSIRSSTEAFF,TCRBV19-01,TCRBJ01-01,I,A*02:01,A*02:01
"FFSNVTWFH,FLPFFSNVT,LPFFSNVTW,LPFFSNVTWF,PFFSNVTWF,SNVTWFHAI",eEE243,21725,21766,surface glycoprotein,CASSVRSAYEQYF,TCRBV19-01,TCRBJ02-07,I,A*02:01,A*02:01
"FFSNVTWFH,FLPFFSNVT,LPFFSNVTW,LPFFSNVTWF,PFFSNVTWF,SNVTWFHAI",eHH169,21725,21766,surface glycoprotein,CASSIRSSYEQYF,TCRBV19-01,TCRBJ02-07,I,A*02:01,A*74:01
"FFSNVTWFH,FLPFFSNVT,LPFFSNVTW,LPFFSNVTWF,PFFSNVTWF,SNVTWFHAI",eEE243,21725,21766,surface glycoprotein,CASSTRSAYEQYF,TCRBV19-01,TCRBJ02-07,I,A*02:01,A*02:01
"FFSNVTWFH,FLPFFSNVT,LPFFSNVTW,LPFFSNVTWF,PFFSNVTWF,SNVTWFHAI",eQD123,21725,21766,surface glycoprotein,CASSPRSTDTQYF,TCRBV19-01,TCRBJ02-03,I,A*02:01:01,A*03:01:01
"FFSNVTWFH,FLPFFSNVT,LPFFSNVTW,LPFFSNVTWF,PFFSNVTWF,SNVTWFHAI",eEE243,21725,21766,surface glycoprotein,CASSSRSANEQFF,TCRBV19-01,TCRBJ02-01,I,A*02:01,A*02:01
"FFSNVTWFH,FLPFFSNVT,LPFFSNVTW,LPFFSNVTWF,PFFSNVTWF,SNVTWFHAI",eHH169,21725,21766,surface glycoprotein,CASSTRSAYEQYF,TCRBV19-01,TCRBJ02-07,I,A*02:01,A*74:01
"FFSNVTWFH,FLPFFSNVT,LPFFSNVTW,LPFFSNVTWF,PFFSNVTWF,SNVTWFHAI",eHH169,21725,21766,surface glycoprotein,CASSVRSTDTQYF,TCRBV19-01,TCRBJ02-03,I,A*02:01,A*74:01
"FFSNVTWFH,FLPFFSNVT,LPFFSNVTW,LPFFSNVTWF,PFFSNVTWF,SNVTWFHAI",eEE243,21725,21766,surface glycoprotein,CASSTRSTGELFF,TCRBV19-01,TCRBJ02-02,I,A*02:01,A*02:01
"FFSNVTWFH,FLPFFSNVT,LPFFSNVTW,LPFFSNVTWF,PFFSNVTWF,SNVTWFHAI",eOX46,21725,21766,surface glycoprotein,CASSIRSGYEQYF,TCRBV19-01,TCRBJ02-07,I,A*02:01,A*02:01
"FFSNVTWFH,FLPFFSNVT,LPFFSNVTW,LPFFSNVTWF,PFFSNVTWF,SNVTWFHAI",eOX46,21725,21766,surface glycoprotein,CASSIRSSYEQYF,TCRBV19-01,TCRBJ02-07,I,A*02:01,A*02:01
"FFSNVTWFH,FLPFFSNVT,LPFFSNVTW,LPFFSNVTWF,PFFSNVTWF,SNVTWFHAI",eHH169,21725,21766,surface glycoprotein,CASSTRAGVEQYF,TCRBV19-01,TCRBJ02-07,I,A*02:01,A*74:01
"FFSNVTWFH,FLPFFSNVT,LPFFSNVTW,LPFFSNVTWF,PFFSNVTWF,SNVTWFHAI",eOX46,21725,21766,surface glycoprotein,CASSIRSQDTQYF,TCRBV19-01,TCRBJ02-03,I,A*02:01,A*02:01
"FFSNVTWFH,FLPFFSNVT,LPFFSNVTW,LPFFSNVTWF,PFFSNVTWF,SNVTWFHAI",eEE243,21725,21766,surface glycoprotein,CASSIRSTETQYF,TCRBV19-01,TCRBJ02-05,I,A*02:01,A*02:01
"FFSNVTWFH,FLPFFSNVT,LPFFSNVTW,LPFFSNVTWF,PFFSNVTWF,SNVTWFHAI",eOX46,21725,21766,surface glycoprotein,CASSIRASYEQYF,TCRBV19-01,TCRBJ02-07,I,A*02:01,A*02:01
"FFSNVTWFH,FLPFFSNVT,LPFFSNVTW,LPFFSNVTWF,PFFSNVTWF,SNVTWFHAI",eOX46,21725,21766,surface glycoprotein,CASSTRASYEQYF,TCRBV19-01,TCRBJ02-07,I,A*02:01,A*02:01
"FFSNVTWFH,FLPFFSNVT,LPFFSNVTW,LPFFSNVTWF,PFFSNVTWF,SNVTWFHAI",eOX46,21725,21766,surface glycoprotein,CASSIGYYGYTF,TCRBV19-01,TCRBJ01-02,I,A*02:01,A*02:01
"FFSNVTWFH,FLPFFSNVT,LPFFSNVTW,LPFFSNVTWF,PFFSNVTWF,SNVTWFHAI",eOX46,21725,21766,surface glycoprotein,CASSIRSAYEQYF,TCRBV19-01,TCRBJ02-07,I,A*02:01,A*02:01
"FFSNVTWFH,FLPFFSNVT,LPFFSNVTW,LPFFSNVTWF,PFFSNVTWF,SNVTWFHAI",eEE243,21725,21766,surface glycoprotein,CASSQGSYGYTF,TCRBV19-01,TCRBJ01-02,I,A*02:01,A*02:01
"FFSNVTWFH,FLPFFSNVT,LPFFSNVTW,LPFFSNVTWF,PFFSNVTWF,SNVTWFHAI",eOX46,21725,21766,surface glycoprotein,CASSLRSAYEQYF,TCRBV19-01,TCRBJ02-07,I,A*02:01,A*02:01
"FFSNVTWFH,FLPFFSNVT,LPFFSNVTW,LPFFSNVTWF,PFFSNVTWF,SNVTWFHAI",eHH174,21725,21766,surface glycoprotein,CASSIRSAGELFF,TCRBV19-01,TCRBJ02-02,I,A*01:01,A*02:01
"FFSNVTWFH,FLPFFSNVT,LPFFSNVTW,LPFFSNVTWF,PFFSNVTWF,SNVTWFHAI",eHH173,21725,21766,surface glycoprotein,CASSYRSSYEQYF,TCRBV19-01,TCRBJ02-07,I,A*02:01,A*03:01
"FFSNVTWFH,FLPFFSNVT,LPFFSNVTW,LPFFSNVTWF,PFFSNVTWF,SNVTWFHAI",eOX46,21725,21766,surface glycoprotein,CASSFRSSYEQYF,TCRBV19-01,TCRBJ02-07,I,A*02:01,A*02:01
"FFSNVTWFH,FLPFFSNVT,LPFFSNVTW,LPFFSNVTWF,PFFSNVTWF,SNVTWFHAI",eOX46,21725,21766,surface glycoprotein,CASSSRSSYEQYF,TCRBV19-01,TCRBJ02-07,I,A*02:01,A*02:01
"FFSNVTWFH,FLPFFSNVT,LPFFSNVTW,LPFFSNVTWF,PFFSNVTWF,SNVTWFHAI",eEE243,21725,21766,surface glycoprotein,CASSIYSNTEAFF,TCRBV19-01,TCRBJ01-01,I,A*02:01,A*02:01
"FFSNVTWFH,FLPFFSNVT,LPFFSNVTW,LPFFSNVTWF,PFFSNVTWF,SNVTWFHAI",eOX46,21725,21766,surface glycoprotein,CASSVRSSYEQYF,TCRBV19-01,TCRBJ02-07,I,A*02:01,A*02:01
"FFSNVTWFH,FLPFFSNVT,LPFFSNVTW,LPFFSNVTWF,PFFSNVTWF,SNVTWFHAI",eHH169,21725,21766,surface glycoprotein,CASSTRSTGELFF,TCRBV19-01,TCRBJ02-02,I,A*02:01,A*74:01
"FFSNVTWFH,FLPFFSNVT,LPFFSNVTW,LPFFSNVTWF,PFFSNVTWF,SNVTWFHAI",eOX46,21725,21766,surface glycoprotein,CASSIVSRDTQYF,TCRBV19-01,TCRBJ02-03,I,A*02:01,A*02:01
"FFSNVTWFH,FLPFFSNVT,LPFFSNVTW,LPFFSNVTWF,PFFSNVTWF,SNVTWFHAI",eHH170,21725,21766,surface glycoprotein,CASSTRSTGELFF,TCRBV19-01,TCRBJ02-02,I,A*02:01,A*74:01
"FFSNVTWFH,FLPFFSNVT,LPFFSNVTW,LPFFSNVTWF,PFFSNVTWF,SNVTWFHAI",eOX46,21725,21766,surface glycoprotein,CASSTRSSYEQYF,TCRBV19-01,TCRBJ02-07,I,A*02:01,A*02:01
"FFSNVTWFH,FLPFFSNVT,LPFFSNVTW,LPFFSNVTWF,PFFSNVTWF,SNVTWFHAI",eEE243,21725,21766,surface glycoprotein,CASSIRSTYEQYF,TCRBV19-01,TCRBJ02-07,I,A*02:01,A*02:01
"FFSNVTWFH,FLPFFSNVT,LPFFSNVTW,LPFFSNVTWF,PFFSNVTWF,SNVTWFHAI",eEE243,21725,21766,surface glycoprotein,CASSTRSSYEQYF,TCRBV19-01,TCRBJ02-07,I,A*02:01,A*02:01
"FFSNVTWFH,FLPFFSNVT,LPFFSNVTW,LPFFSNVTWF,PFFSNVTWF,SNVTWFHAI",eOX46,21725,21766,surface glycoprotein,CASSIYSNQPQHF,TCRBV19-01,TCRBJ01-05,I,A*02:01,A*02:01
"FFSNVTWFH,FLPFFSNVT,LPFFSNVTW,LPFFSNVTWF,PFFSNVTWF,SNVTWFHAI",eEE228,21725,21766,surface glycoprotein,CASSIRSTYEQYF,TCRBV19-01,TCRBJ02-07,I,A*02:01,A*02:01
"FFSNVTWFH,FLPFFSNVT,LPFFSNVTW,LPFFSNVTWF,PFFSNVTWF,SNVTWFHAI",eOX46,21725,21766,surface glycoprotein,CASSIRAGYEQYF,TCRBV19-01,TCRBJ02-07,I,A*02:01,A*02:01
"FFSNVTWFH,FLPFFSNVT,LPFFSNVTW,LPFFSNVTWF,PFFSNVTWF,SNVTWFHAI",eEE228,21725,21766,surface glycoprotein,CASSIRSSYEQYF,TCRBV19-01,TCRBJ02-07,I,A*02:01,A*02:01
"FFSNVTWFH,FLPFFSNVT,LPFFSNVTW,LPFFSNVTWF,PFFSNVTWF,SNVTWFHAI",eOX46,21725,21766,surface glycoprotein,CASSPRSSDTQYF,TCRBV19-01,TCRBJ02-03,I,A*02:01,A*02:01
"FFSNVTWFH,FLPFFSNVT,LPFFSNVTW,LPFFSNVTWF,PFFSNVTWF,SNVTWFHAI",eEE228,21725,21766,surface glycoprotein,CASSIRSAYEQYF,TCRBV19-01,TCRBJ02-07,I,A*02:01,A*02:01
"FFSNVTWFH,FLPFFSNVT,LPFFSNVTW,LPFFSNVTWF,PFFSNVTWF,SNVTWFHAI",eOX46,21725,21766,surface glycoprotein,CASSIGSYGYTF,TCRBV19-01,TCRBJ01-02,I,A*02:01,A*02:01
"FFSNVTWFH,FLPFFSNVT,LPFFSNVTW,LPFFSNVTWF,PFFSNVTWF,SNVTWFHAI",eEE228,21725,21766,surface glycoprotein,CASSSRSSYEQYF,TCRBV19-01,TCRBJ02-07,I,A*02:01,A*02:01
"FFSNVTWFH,FLPFFSNVT,LPFFSNVTW,LPFFSNVTWF,PFFSNVTWF,SNVTWFHAI",eEE228,21725,21766,surface glycoprotein,CASSIRSQDTQYF,TCRBV19-01,TCRBJ02-03,I,A*02:01,A*02:01
"FFSNVTWFH,FLPFFSNVT,LPFFSNVTW,LPFFSNVTWF,PFFSNVTWF,SNVTWFHAI",eEE228,21725,21766,surface glycoprotein,CASSVRSTDTQYF,TCRBV19-01,TCRBJ02-03,I,A*02:01,A*02:01
"FFSNVTWFH,FLPFFSNVT,LPFFSNVTW,LPFFSNVTWF,PFFSNVTWF,SNVTWFHAI",eOX46,21725,21766,surface glycoprotein,CASSIRSTYEQYF,TCRBV19-01,TCRBJ02-07,I,A*02:01,A*02:01
"FFSNVTWFH,FLPFFSNVT,LPFFSNVTW,LPFFSNVTWF,PFFSNVTWF,SNVTWFHAI",eEE228,21725,21766,surface glycoprotein,CASSMGSYGYTF,TCRBV19-01,TCRBJ01-02,I,A*02:01,A*02:01
"FFSNVTWFH,FLPFFSNVT,LPFFSNVTW,LPFFSNVTWF,PFFSNVTWF,SNVTWFHAI",eEE228,21725,21766,surface glycoprotein,CASSIRSGYEQYF,TCRBV19-01,TCRBJ02-07,I,A*02:01,A*02:01
"FFSNVTWFH,FLPFFSNVT,LPFFSNVTW,LPFFSNVTWF,PFFSNVTWF,SNVTWFHAI",eOX46,21725,21766,surface glycoprotein,CASSTRSGQPQHF,TCRBV19-01,TCRBJ01-05,I,A*02:01,A*02:01
"FFSNVTWFH,FLPFFSNVT,LPFFSNVTW,LPFFSNVTWF,PFFSNVTWF,SNVTWFHAI",eOX46,21725,21766,surface glycoprotein,CASSGRSTGELFF,TCRBV19-01,TCRBJ02-02,I,A*02:01,A*02:01
"FFSNVTWFH,FLPFFSNVT,LPFFSNVTW,LPFFSNVTWF,PFFSNVTWF,SNVTWFHAI",eOX46,21725,21766,surface glycoprotein,CASSTRSAYEQYF,TCRBV19-01,TCRBJ02-07,I,A*02:01,A*02:01
"FFSNVTWFH,FLPFFSNVT,LPFFSNVTW,LPFFSNVTWF,PFFSNVTWF,SNVTWFHAI",eEE228,21725,21766,surface glycoprotein,CASSIRSDEKLFF,TCRBV19-01,TCRBJ01-04,I,A*02:01,A*02:01
"FFSNVTWFH,FLPFFSNVT,LPFFSNVTW,LPFFSNVTWF,PFFSNVTWF,SNVTWFHAI",eEE228,21725,21766,surface glycoprotein,CASSIRAGYEQYF,TCRBV19-01,TCRBJ02-07,I,A*02:01,A*02:01
"FFSNVTWFH,FLPFFSNVT,LPFFSNVTW,LPFFSNVTWF,PFFSNVTWF,SNVTWFHAI",eOX46,21725,21766,surface glycoprotein,CASSTGSYGYTF,TCRBV19-01,TCRBJ01-02,I,A*02:01,A*02:01
"FFSNVTWFH,FLPFFSNVT,LPFFSNVTW,LPFFSNVTWF,PFFSNVTWF,SNVTWFHAI",eEE228,21725,21766,surface glycoprotein,CASSTRSTYEQYF,TCRBV19-01,TCRBJ02-07,I,A*02:01,A*02:01
"FFSNVTWFH,FLPFFSNVT,LPFFSNVTW,LPFFSNVTWF,PFFSNVTWF,SNVTWFHAI",eOX46,21725,21766,surface glycoprotein,CASSQGSYGYTF,TCRBV19-01,TCRBJ01-02,I,A*02:01,A*02:01
"FFSNVTWFH,FLPFFSNVT,LPFFSNVTW,LPFFSNVTWF,PFFSNVTWF,SNVTWFHAI",eOX46,21725,21766,surface glycoprotein,CASSIRSSYEQFF,TCRBV19-01,TCRBJ02-01,I,A*02:01,A*02:01
"FFSNVTWFH,FLPFFSNVT,LPFFSNVTW,LPFFSNVTWF,PFFSNVTWF,SNVTWFHAI",eEE228,21725,21766,surface glycoprotein,CASSIGLWGYTF,TCRBV19-01,TCRBJ01-02,I,A*02:01,A*02:01
"FFSNVTWFH,FLPFFSNVT,LPFFSNVTW,LPFFSNVTWF,PFFSNVTWF,SNVTWFHAI",eOX46,21725,21766,surface glycoprotein,CASSTSSTGELFF,TCRBV19-01,TCRBJ02-02,I,A*02:01,A*02:01
"FFSNVTWFH,FLPFFSNVT,LPFFSNVTW,LPFFSNVTWF,PFFSNVTWF,SNVTWFHAI",eOX46,21725,21766,surface glycoprotein,CASSSRSAYEQYF,TCRBV19-01,TCRBJ02-07,I,A*02:01,A*02:01
"FFSNVTWFH,FLPFFSNVT,LPFFSNVTW,LPFFSNVTWF,PFFSNVTWF,SNVTWFHAI",eEE228,21725,21766,surface glycoprotein,CASSSRAAYEQYF,TCRBV19-01,TCRBJ02-07,I,A*02:01,A*02:01
"FFSNVTWFH,FLPFFSNVT,LPFFSNVTW,LPFFSNVTWF,PFFSNVTWF,SNVTWFHAI",eEE228,21725,21766,surface glycoprotein,CASSLRSSYEQYF,TCRBV19-01,TCRBJ02-07,I,A*02:01,A*02:01
"FFSNVTWFH,FLPFFSNVT,LPFFSNVTW,LPFFSNVTWF,PFFSNVTWF,SNVTWFHAI",eOX46,21725,21766,surface glycoprotein,CASSIGLYGYTF,TCRBV19-01,TCRBJ01-02,I,A*02:01,A*02:01
"FFSNVTWFH,FLPFFSNVT,LPFFSNVTW,LPFFSNVTWF,PFFSNVTWF,SNVTWFHAI",eEE228,21725,21766,surface glycoprotein,CASSVRSSYEQYF,TCRBV19-01,TCRBJ02-07,I,A*02:01,A*02:01
"FFSNVTWFH,FLPFFSNVT,LPFFSNVTW,LPFFSNVTWF,PFFSNVTWF,SNVTWFHAI",eOX46,21725,21766,surface glycoprotein,CASSMRSAYEQYF,TCRBV19-01,TCRBJ02-07,I,A*02:01,A*02:01
"FFSNVTWFH,FLPFFSNVT,LPFFSNVTW,LPFFSNVTWF,PFFSNVTWF,SNVTWFHAI",eOX46,21725,21766,surface glycoprotein,CASSGRSTDTQYF,TCRBV19-01,TCRBJ02-03,I,A*02:01,A*02:01
"FFSNVTWFH,FLPFFSNVT,LPFFSNVTW,LPFFSNVTWF,PFFSNVTWF,SNVTWFHAI",eEE226,21725,21766,surface glycoprotein,CASSLRSTGELFF,TCRBV19-01,TCRBJ02-02,I,A*01:01,A*02:01
"FFSNVTWFH,FLPFFSNVT,LPFFSNVTW,LPFFSNVTWF,PFFSNVTWF,SNVTWFHAI",eEE228,21725,21766,surface glycoprotein,CASSIYSNQPQHF,TCRBV19-01,TCRBJ01-05,I,A*02:01,A*02:01
"FFSNVTWFH,FLPFFSNVT,LPFFSNVTW,LPFFSNVTWF,PFFSNVTWF,SNVTWFHAI",eOX46,21725,21766,surface glycoprotein,CASSVRSTDTQYF,TCRBV19-01,TCRBJ02-03,I,A*02:01,A*02:01
"FFSNVTWFH,FLPFFSNVT,LPFFSNVTW,LPFFSNVTWF,PFFSNVTWF,SNVTWFHAI",eEE228,21725,21766,surface glycoprotein,CASSFRSTDTQYF,TCRBV19-01,TCRBJ02-03,I,A*02:01,A*02:01
"FFSNVTWFH,FLPFFSNVT,LPFFSNVTW,LPFFSNVTWF,PFFSNVTWF,SNVTWFHAI",eOX46,21725,21766,surface glycoprotein,CASSIGVYGYTF,TCRBV19-01,TCRBJ01-02,I,A*02:01,A*02:01
"FFSNVTWFH,FLPFFSNVT,LPFFSNVTW,LPFFSNVTWF,PFFSNVTWF,SNVTWFHAI",eEE228,21725,21766,surface glycoprotein,CASSTRSGQPQHF,TCRBV19-01,TCRBJ01-05,I,A*02:01,A*02:01
"FFSNVTWFH,FLPFFSNVT,LPFFSNVTW,LPFFSNVTWF,PFFSNVTWF,SNVTWFHAI",eEE228,21725,21766,surface glycoprotein,CASSIGVYGYTF,TCRBV19-01,TCRBJ01-02,I,A*02:01,A*02:01
"FFSNVTWFH,FLPFFSNVT,LPFFSNVTW,LPFFSNVTWF,PFFSNVTWF,SNVTWFHAI",eEE228,21725,21766,surface glycoprotein,CASSSRSSDTQYF,TCRBV19-01,TCRBJ02-03,I,A*02:01,A*02:01
"FFSNVTWFH,FLPFFSNVT,LPFFSNVTW,LPFFSNVTWF,PFFSNVTWF,SNVTWFHAI",eEE228,21725,21766,surface glycoprotein,CASSSRSAYEQYF,TCRBV19-01,TCRBJ02-07,I,A*02:01,A*02:01
"FFSNVTWFH,FLPFFSNVT,LPFFSNVTW,LPFFSNVTWF,PFFSNVTWF,SNVTWFHAI",eEE228,21725,21766,surface glycoprotein,CASSIGSYGYTF,TCRBV19-01,TCRBJ01-02,I,A*02:01,A*02:01
"FFSNVTWFH,FLPFFSNVT,LPFFSNVTW,LPFFSNVTWF,PFFSNVTWF,SNVTWFHAI",eOX46,21725,21766,surface glycoprotein,CASSTGAYGYTF,TCRBV19-01,TCRBJ01-02,I,A*02:01,A*02:01
"FFSNVTWFH,FLPFFSNVT,LPFFSNVTW,LPFFSNVTWF,PFFSNVTWF,SNVTWFHAI",eEE228,21725,21766,surface glycoprotein,CASSTRSAYEQYF,TCRBV19-01,TCRBJ02-07,I,A*02:01,A*02:01
"FFSNVTWFH,FLPFFSNVT,LPFFSNVTW,LPFFSNVTWF,PFFSNVTWF,SNVTWFHAI",eOX46,21725,21766,surface glycoprotein,CASSTGLYGYTF,TCRBV19-01,TCRBJ01-02,I,A*02:01,A*02:01
"FFSNVTWFH,FLPFFSNVT,LPFFSNVTW,LPFFSNVTWF,PFFSNVTWF,SNVTWFHAI",eEE228,21725,21766,surface glycoprotein,CASSTRSSYEQYF,TCRBV19-01,TCRBJ02-07,I,A*02:01,A*02:01
"FFSNVTWFH,FLPFFSNVT,LPFFSNVTW,LPFFSNVTWF,PFFSNVTWF,SNVTWFHAI",eOX46,21725,21766,surface glycoprotein,CASSMGSYGYTF,TCRBV19-01,TCRBJ01-02,I,A*02:01,A*02:01
"FFSNVTWFH,FLPFFSNVT,LPFFSNVTW,LPFFSNVTWF,PFFSNVTWF,SNVTWFHAI",eOX46,21725,21766,surface glycoprotein,CASSIRSDEKLFF,TCRBV19-01,TCRBJ01-04,I,A*02:01,A*02:01
"FFSNVTWFH,FLPFFSNVT,LPFFSNVTW,LPFFSNVTWF,PFFSNVTWF,SNVTWFHAI",eOX46,21725,21766,surface glycoprotein,CASSIGAYGYTF,TCRBV19-01,TCRBJ01-02,I,A*02:01,A*02:01
"FFSNVTWFH,FLPFFSNVT,LPFFSNVTW,LPFFSNVTWF,PFFSNVTWF,SNVTWFHAI",eEE228,21725,21766,surface glycoprotein,CASSMRSAYEQYF,TCRBV19-01,TCRBJ02-07,I,A*02:01,A*02:01
"FFSNVTWFH,FLPFFSNVT,LPFFSNVTW,LPFFSNVTWF,PFFSNVTWF,SNVTWFHAI",eEE228,21725,21766,surface glycoprotein,CASSHRSTDTQYF,TCRBV19-01,TCRBJ02-03,I,A*02:01,A*02:01
"FFSNVTWFH,FLPFFSNVT,LPFFSNVTW,LPFFSNVTWF,PFFSNVTWF,SNVTWFHAI",eEE228,21725,21766,surface glycoprotein,CASSIVSRDTQYF,TCRBV19-01,TCRBJ02-03,I,A*02:01,A*02:01
"FFSNVTWFH,FLPFFSNVT,LPFFSNVTW,LPFFSNVTWF,PFFSNVTWF,SNVTWFHAI",eEE228,21725,21766,surface glycoprotein,CASSIGAYGYTF,TCRBV19-01,TCRBJ01-02,I,A*02:01,A*02:01
"FFSNVTWFH,FLPFFSNVT,LPFFSNVTW,LPFFSNVTWF,PFFSNVTWF,SNVTWFHAI",eOX46,21725,21766,surface glycoprotein,CASSITGTYNEQFF,TCRBV19-01,TCRBJ02-01,I,A*02:01,A*02:01
"FFSNVTWFH,FLPFFSNVT,LPFFSNVTW,LPFFSNVTWF,PFFSNVTWF,SNVTWFHAI",eOX46,21725,21766,surface glycoprotein,CASSLRSSYEQYF,TCRBV19-01,TCRBJ02-07,I,A*02:01,A*02:01
"FFSNVTWFH,FLPFFSNVT,LPFFSNVTW,LPFFSNVTWF,PFFSNVTWF,SNVTWFHAI",eOX46,21725,21766,surface glycoprotein,CASSTRSTYEQYF,TCRBV19-01,TCRBJ02-07,I,A*02:01,A*02:01
"FFSNVTWFH,FLPFFSNVT,LPFFSNVTW,LPFFSNVTWF,PFFSNVTWF,SNVTWFHAI",eEE228,21725,21766,surface glycoprotein,CASSIRASYEQYF,TCRBV19-01,TCRBJ02-07,I,A*02:01,A*02:01
"FFSNVTWFH,FLPFFSNVT,LPFFSNVTW,LPFFSNVTWF,PFFSNVTWF,SNVTWFHAI",eOX46,21725,21766,surface glycoprotein,CASSFRSTDTQYF,TCRBV19-01,TCRBJ02-03,I,A*02:01,A*02:01
"FFSNVTWFH,FLPFFSNVT,LPFFSNVTW,LPFFSNVTWF,PFFSNVTWF,SNVTWFHAI",eOX46,21725,21766,surface glycoprotein,CASSIGLWGYTF,TCRBV19-01,TCRBJ01-02,I,A*02:01,A*02:01
"FFSNVTWFH,FLPFFSNVT,LPFFSNVTW,LPFFSNVTWF,PFFSNVTWF,SNVTWFHAI",eXL27,21725,21766,surface glycoprotein,CASSISSTGELFF,TCRBV19-01,TCRBJ02-02,I,A*02:01,A*03:01
"FFSNVTWFH,FLPFFSNVT,LPFFSNVTW,LPFFSNVTWF,PFFSNVTWF,SNVTWFHAI",eEE228,21725,21766,surface glycoprotein,CASSSRSTDTQYF,TCRBV19-01,TCRBJ02-03,I,A*02:01,A*02:01
"FFSNVTWFH,FLPFFSNVT,LPFFSNVTW,LPFFSNVTWF,PFFSNVTWF,SNVTWFHAI",eXL27,21725,21766,surface glycoprotein,CASSTRSAYEQYF,TCRBV19-01,TCRBJ02-07,I,A*02:01,A*03:01
"FFSNVTWFH,FLPFFSNVT,LPFFSNVTW,LPFFSNVTWF,PFFSNVTWF,SNVTWFHAI",eEE228,21725,21766,surface glycoprotein,CASSIGLYGYTF,TCRBV19-01,TCRBJ01-02,I,A*02:01,A*02:01
"FFSNVTWFH,FLPFFSNVT,LPFFSNVTW,LPFFSNVTWF,PFFSNVTWF,SNVTWFHAI",eQD115,21725,21766,surface glycoprotein,CASSPRSTDTQYF,TCRBV19-01,TCRBJ02-03,I,A*02:01:01,A*03:01:01
"FFSNVTWFH,FLPFFSNVT,LPFFSNVTW,LPFFSNVTWF,PFFSNVTWF,SNVTWFHAI",eEE228,21725,21766,surface glycoprotein,CASSTSSTGELFF,TCRBV19-01,TCRBJ02-02,I,A*02:01,A*02:01
"FFSNVTWFH,FLPFFSNVT,LPFFSNVTW,LPFFSNVTWF,PFFSNVTWF,SNVTWFHAI",eEE228,21725,21766,surface glycoprotein,CASSIRSSYEQFF,TCRBV19-01,TCRBJ02-01,I,A*02:01,A*02:01
"FFSNVTWFH,FLPFFSNVT,LPFFSNVTW,LPFFSNVTWF,PFFSNVTWF,SNVTWFHAI",eXL27,21725,21766,surface glycoprotein,CASSIRSSYEQYF,TCRBV19-01,TCRBJ02-07,I,A*02:01,A*03:01
"FFSNVTWFH,FLPFFSNVT,LPFFSNVTW,LPFFSNVTWF,PFFSNVTWF,SNVTWFHAI",eXL27,21725,21766,surface glycoprotein,CASSGRSTGELFF,TCRBV19-01,TCRBJ02-02,I,A*02:01,A*03:01
"FFSNVTWFH,FLPFFSNVT,LPFFSNVTW,LPFFSNVTWF,PFFSNVTWF,SNVTWFHAI",eEE228,21725,21766,surface glycoprotein,CASSITGTYNEQFF,TCRBV19-01,TCRBJ02-01,I,A*02:01,A*02:01
"FFSNVTWFH,FLPFFSNVT,LPFFSNVTW,LPFFSNVTWF,PFFSNVTWF,SNVTWFHAI",eQD115,21725,21766,surface glycoprotein,CASSIRSSYEQYF,TCRBV19-01,TCRBJ02-07,I,A*02:01:01,A*03:01:01
"FFSNVTWFH,FLPFFSNVT,LPFFSNVTW,LPFFSNVTWF,PFFSNVTWF,SNVTWFHAI",eEE228,21725,21766,surface glycoprotein,CASSTGSYGYTF,TCRBV19-01,TCRBJ01-02,I,A*02:01,A*02:01
"FFSNVTWFH,FLPFFSNVT,LPFFSNVTW,LPFFSNVTWF,PFFSNVTWF,SNVTWFHAI",eEE228,21725,21766,surface glycoprotein,CASSQGSYGYTF,TCRBV19-01,TCRBJ01-02,I,A*02:01,A*02:01
"FFSNVTWFH,FLPFFSNVT,LPFFSNVTW,LPFFSNVTWF,PFFSNVTWF,SNVTWFHAI",eXL36,21725,21766,surface glycoprotein,CASSTRSTDTQYF,TCRBV19-01,TCRBJ02-03,I,A*01:01,A*02:01
"FFSNVTWFH,FLPFFSNVT,LPFFSNVTW,LPFFSNVTWF,PFFSNVTWF,SNVTWFHAI",eXL37,21725,21766,surface glycoprotein,CASSIRASYEQYF,TCRBV19-01,TCRBJ02-07,I,A*02:01,A*03:01
"FFSNVTWFH,FLPFFSNVT,LPFFSNVTW,LPFFSNVTWF,PFFSNVTWF,SNVTWFHAI",eXL36,21725,21766,surface glycoprotein,CASSIRSSYEQYF,TCRBV19-01,TCRBJ02-07,I,A*01:01,A*02:01
"FFSNVTWFH,FLPFFSNVT,LPFFSNVTW,LPFFSNVTWF,PFFSNVTWF,SNVTWFHAI",eEE228,21725,21766,surface glycoprotein,CASSTSGANQPQHF,TCRBV19-01,TCRBJ01-05,I,A*02:01,A*02:01
"FFSNVTWFH,FLPFFSNVT,LPFFSNVTW,LPFFSNVTWF,PFFSNVTWF,SNVTWFHAI",eEE228,21725,21766,surface glycoprotein,CASSLGSYGYTF,TCRBV19-01,TCRBJ01-02,I,A*02:01,A*02:01
"FFSNVTWFH,FLPFFSNVT,LPFFSNVTW,LPFFSNVTWF,PFFSNVTWF,SNVTWFHAI",eEE228,21725,21766,surface glycoprotein,CASSGRSTGELFF,TCRBV19-01,TCRBJ02-02,I,A*02:01,A*02:01
"FFSNVTWFH,FLPFFSNVT,LPFFSNVTW,LPFFSNVTWF,PFFSNVTWF,SNVTWFHAI",eEE226,21725,21766,surface glycoprotein,CASSTRSTDTQYF,TCRBV19-01,TCRBJ02-03,I,A*01:01,A*02:01
"FFSNVTWFH,FLPFFSNVT,LPFFSNVTW,LPFFSNVTWF,PFFSNVTWF,SNVTWFHAI",eXL37,21725,21766,surface glycoprotein,CASSIRSAYEQYF,TCRBV19-01,TCRBJ02-07,I,A*02:01,A*03:01
"FFSNVTWFH,FLPFFSNVT,LPFFSNVTW,LPFFSNVTWF,PFFSNVTWF,SNVTWFHAI",eEE228,21725,21766,surface glycoprotein,CASSGRSTDTQYF,TCRBV19-01,TCRBJ02-03,I,A*02:01,A*02:01
"FFSNVTWFH,FLPFFSNVT,LPFFSNVTW,LPFFSNVTWF,PFFSNVTWF,SNVTWFHAI",eOX52,21725,21766,surface glycoprotein,CASSIRSSGEQFF,TCRBV19-01,TCRBJ02-01,I,A*02:01,A*24:02
"FFSNVTWFH,FLPFFSNVT,LPFFSNVTW,LPFFSNVTWF,PFFSNVTWF,SNVTWFHAI",eLH47,21725,21766,surface glycoprotein,CASSIRSDEKLFF,TCRBV19-01,TCRBJ01-04,I,A*01:01:01,A*02:01:01
"FFSNVTWFH,FLPFFSNVT,LPFFSNVTW,LPFFSNVTWF,PFFSNVTWF,SNVTWFHAI",eOX52,21725,21766,surface glycoprotein,CASSIRSTGELFF,TCRBV19-01,TCRBJ02-02,I,A*02:01,A*24:02
"FFSNVTWFH,FLPFFSNVT,LPFFSNVTW,LPFFSNVTWF,PFFSNVTWF,SNVTWFHAI",eMR12,21725,21766,surface glycoprotein,CASSIRSSYEQYF,TCRBV19-01,TCRBJ02-07,I,A*01:01:01,A*02:01:01
"FFSNVTWFH,FLPFFSNVT,LPFFSNVTW,LPFFSNVTWF,PFFSNVTWF,SNVTWFHAI",eEE228,21725,21766,surface glycoprotein,CASSPRSTDTQYF,TCRBV19-01,TCRBJ02-03,I,A*02:01,A*02:01
"FFSNVTWFH,FLPFFSNVT,LPFFSNVTW,LPFFSNVTWF,PFFSNVTWF,SNVTWFHAI",eLH46,21725,21766,surface glycoprotein,CASSIRSTDTQYF,TCRBV19-01,TCRBJ02-03,I,A*02:01:01,A*26:01:01
"FFSNVTWFH,FLPFFSNVT,LPFFSNVTW,LPFFSNVTWF,PFFSNVTWF,SNVTWFHAI",eLH47,21725,21766,surface glycoprotein,CASSTGAYGYTF,TCRBV19-01,TCRBJ01-02,I,A*01:01:01,A*02:01:01
"FFSNVTWFH,FLPFFSNVT,LPFFSNVTW,LPFFSNVTWF,PFFSNVTWF,SNVTWFHAI",eOX52,21725,21766,surface glycoprotein,CASSIRAAYEQYF,TCRBV19-01,TCRBJ02-07,I,A*02:01,A*24:02
"FFSNVTWFH,FLPFFSNVT,LPFFSNVTW,LPFFSNVTWF,PFFSNVTWF,SNVTWFHAI",eLH47,21725,21766,surface glycoprotein,CASSGRATGELFF,TCRBV19-01,TCRBJ02-02,I,A*01:01:01,A*02:01:01
"FFSNVTWFH,FLPFFSNVT,LPFFSNVTW,LPFFSNVTWF,PFFSNVTWF,SNVTWFHAI",eLH47,21725,21766,surface glycoprotein,CASSIRSSYEQYF,TCRBV19-01,TCRBJ02-07,I,A*01:01:01,A*02:01:01
"FFSNVTWFH,FLPFFSNVT,LPFFSNVTW,LPFFSNVTWF,PFFSNVTWF,SNVTWFHAI",eEE228,21725,21766,surface glycoprotein,CASSTRSTDTQYF,TCRBV19-01,TCRBJ02-03,I,A*02:01,A*02:01
"FFSNVTWFH,FLPFFSNVT,LPFFSNVTW,LPFFSNVTWF,PFFSNVTWF,SNVTWFHAI",eLH46,21725,21766,surface glycoprotein,CASSSRSTGELFF,TCRBV19-01,TCRBJ02-02,I,A*02:01:01,A*26:01:01
"FFSNVTWFH,FLPFFSNVT,LPFFSNVTW,LPFFSNVTWF,PFFSNVTWF,SNVTWFHAI",eEE228,21725,21766,surface glycoprotein,CASSTRASYEQYF,TCRBV19-01,TCRBJ02-07,I,A*02:01,A*02:01
"FFSNVTWFH,FLPFFSNVT,LPFFSNVTW,LPFFSNVTWF,PFFSNVTWF,SNVTWFHAI",eOX52,21725,21766,surface glycoprotein,CASSTRSGTEQYF,TCRBV19-01,TCRBJ02-07,I,A*02:01,A*24:02
"FFSNVTWFH,FLPFFSNVT,LPFFSNVTW,LPFFSNVTWF,PFFSNVTWF,SNVTWFHAI",eDH96,21725,21766,surface glycoprotein,CASSLRSSYEQYF,TCRBV19-01,TCRBJ02-07,I,A*02:01,A*29:01
"FFSNVTWFH,FLPFFSNVT,LPFFSNVTW,LPFFSNVTWF,PFFSNVTWF,SNVTWFHAI",eEE228,21725,21766,surface glycoprotein,CASSTGAYGYTF,TCRBV19-01,TCRBJ01-02,I,A*02:01,A*02:01
"FFSNVTWFH,FLPFFSNVT,LPFFSNVTW,LPFFSNVTWF,PFFSNVTWF,SNVTWFHAI",eEE228,21725,21766,surface glycoprotein,CASSIGYYGYTF,TCRBV19-01,TCRBJ01-02,I,A*02:01,A*02:01
"FFSNVTWFH,FLPFFSNVT,LPFFSNVTW,LPFFSNVTWF,PFFSNVTWF,SNVTWFHAI",eLH54,21725,21766,surface glycoprotein,CASSIRASYEQYF,TCRBV19-01,TCRBJ02-07,I,A*02:01:01,A*03:01:01
"FFSNVTWFH,FLPFFSNVT,LPFFSNVTW,LPFFSNVTWF,PFFSNVTWF,SNVTWFHAI",eEE228,21725,21766,surface glycoprotein,CASSTGLYGYTF,TCRBV19-01,TCRBJ01-02,I,A*02:01,A*02:01
"FFSNVTWFH,FLPFFSNVT,LPFFSNVTW,LPFFSNVTWF,PFFSNVTWF,SNVTWFHAI",eDH96,21725,21766,surface glycoprotein,CASSTRSTDTQYF,TCRBV19-01,TCRBJ02-03,I,A*02:01,A*29:01
"FFSNVTWFH,FLPFFSNVT,LPFFSNVTW,LPFFSNVTWF,PFFSNVTWF,SNVTWFHAI",eLH47,21725,21766,surface glycoprotein,CASSIYSNQPQHF,TCRBV19-01,TCRBJ01-05,I,A*01:01:01,A*02:01:01
"FFSNVTWFH,FLPFFSNVT,LPFFSNVTW,LPFFSNVTWF,PFFSNVTWF,SNVTWFHAI",eEE228,21725,21766,surface glycoprotein,CASSLRSAYEQYF,TCRBV19-01,TCRBJ02-07,I,A*02:01,A*02:01
"FFSNVTWFH,FLPFFSNVT,LPFFSNVTW,LPFFSNVTWF,PFFSNVTWF,SNVTWFHAI",eDH113,21725,21766,surface glycoprotein,CASSARSADTQYF,TCRBV19-01,TCRBJ02-03,I,A*02:01,A*29:02
"FFSNVTWFH,FLPFFSNVT,LPFFSNVTW,LPFFSNVTWF,PFFSNVTWF,SNVTWFHAI",eEE228,21725,21766,surface glycoprotein,CASSPRSSDTQYF,TCRBV19-01,TCRBJ02-03,I,A*02:01,A*02:01
"FFSNVTWFH,FLPFFSNVT,LPFFSNVTW,LPFFSNVTWF,PFFSNVTWF,SNVTWFHAI",eDH113,21725,21766,surface glycoprotein,CASSIRSSYEQYF,TCRBV19-01,TCRBJ02-07,I,A*02:01,A*29:02
"FFSNVTWFH,FLPFFSNVT,LPFFSNVTW,LPFFSNVTWF,PFFSNVTWF,SNVTWFHAI",eEE228,21725,21766,surface glycoprotein,CASSLRSTDTQYF,TCRBV19-01,TCRBJ02-03,I,A*02:01,A*02:01
"FFSNVTWFH,FLPFFSNVT,LPFFSNVTW,LPFFSNVTWF,PFFSNVTWF,SNVTWFHAI",eLH46,21725,21766,surface glycoprotein,CASSMGIYGYTF,TCRBV19-01,TCRBJ01-02,I,A*02:01:01,A*26:01:01
"FFSNVTWFH,FLPFFSNVT,LPFFSNVTW,LPFFSNVTWF,PFFSNVTWF,SNVTWFHAI",eEE226,21725,21766,surface glycoprotein,CASSIRSSYEQYF,TCRBV19-01,TCRBJ02-07,I,A*01:01,A*02:01
"FFSNVTWFH,FLPFFSNVT,LPFFSNVTW,LPFFSNVTWF,PFFSNVTWF,SNVTWFHAI",eLH47,21725,21766,surface glycoprotein,CASSPRSAYEQYF,TCRBV19-01,TCRBJ02-07,I,A*01:01:01,A*02:01:01
"FFSNVTWFH,FLPFFSNVT,LPFFSNVTW,LPFFSNVTWF,PFFSNVTWF,SNVTWFHAI",eLH47,21725,21766,surface glycoprotein,CASSIRSAYEQYF,TCRBV19-01,TCRBJ02-07,I,A*01:01:01,A*02:01:01
"FFSNVTWFH,FLPFFSNVT,LPFFSNVTW,LPFFSNVTWF,PFFSNVTWF,SNVTWFHAI",eLH47,21725,21766,surface glycoprotein,CASSIRASYEQYF,TCRBV19-01,TCRBJ02-07,I,A*01:01:01,A*02:01:01
"FFSNVTWFH,FLPFFSNVT,LPFFSNVTW,LPFFSNVTWF,PFFSNVTWF,SNVTWFHAI",eXL37,21725,21766,surface glycoprotein,CASSIRSSYEQYF,TCRBV19-01,TCRBJ02-07,I,A*02:01,A*03:01
"FFSNVTWFH,FLPFFSNVT,LPFFSNVTW,LPFFSNVTWF,PFFSNVTWF,SNVTWFHAI",eLH47,21725,21766,surface glycoprotein,CASSGRSTDTQYF,TCRBV19-01,TCRBJ02-03,I,A*01:01:01,A*02:01:01
"FFSNVTWFH,FLPFFSNVT,LPFFSNVTW,LPFFSNVTWF,PFFSNVTWF,SNVTWFHAI",eMR12,21725,21766,surface glycoprotein,CASSPRSADTQYF,TCRBV19-01,TCRBJ02-03,I,A*01:01:01,A*02:01:01
"FFSNVTWFH,FLPFFSNVT,LPFFSNVTW,LPFFSNVTWF,PFFSNVTWF,SNVTWFHAI",eXL37,21725,21766,surface glycoprotein,CASSVRSSYEQYF,TCRBV19-01,TCRBJ02-07,I,A*02:01,A*03:01
"FFSNVTWFH,FLPFFSNVT,LPFFSNVTW,LPFFSNVTWF,PFFSNVTWF,SNVTWFHAI",eLH47,21725,21766,surface glycoprotein,CASSARSTDTQYF,TCRBV19-01,TCRBJ02-03,I,A*01:01:01,A*02:01:01
"FFSNVTWFH,FLPFFSNVT,LPFFSNVTW,LPFFSNVTWF,PFFSNVTWF,SNVTWFHAI",eLH54,21725,21766,surface glycoprotein,CASSTRSSNEQFF,TCRBV19-01,TCRBJ02-01,I,A*02:01:01,A*03:01:01
"FFSNVTWFH,FLPFFSNVT,LPFFSNVTW,LPFFSNVTWF,PFFSNVTWF,SNVTWFHAI",eDH96,21725,21766,surface glycoprotein,CASSIRSSYEQYF,TCRBV19-01,TCRBJ02-07,I,A*02:01,A*29:01
"FFSNVTWFH,FLPFFSNVT,LPFFSNVTW,LPFFSNVTWF,PFFSNVTWF,SNVTWFHAI",eDH96,21725,21766,surface glycoprotein,CASSIRSAYEQYF,TCRBV19-01,TCRBJ02-07,I,A*02:01,A*29:01
"FFSNVTWFH,FLPFFSNVT,LPFFSNVTW,LPFFSNVTWF,PFFSNVTWF,SNVTWFHAI",eLH47,21725,21766,surface glycoprotein,CASSLGNEQFF,TCRBV19-01,TCRBJ02-01,I,A*01:01:01,A*02:01:01
"DGVYFASTEK,GVYFASTEK,LPFNDGVYF,LPFNDGVYFA,VLPFNDGVY,VLPFNDGVYF",eAV93,21809,21853,surface glycoprotein,CASSLVGLSYEQYF,TCRBV05-01,TCRBJ02-07,I,A*11:01,A*68:01
"CTFEYVSQPF,EYVSQPFLM,FEYVSQPFL",eDH96,22058,22093,surface glycoprotein,CASSYTLNTEAFF,TCRBV06-02/06-03,TCRBJ01-01,I,A*02:01,A*29:01
"DLPIGINITR,INITRFQTL,LPIGINITRF",eJL164,22244,22285,surface glycoprotein,CASSISSGSYNEQFF,TCRBV19-01,TCRBJ02-01,I,A*02:01:01,A*24:02:01
"FPNITNLCPF,QPTESIVRF,RFPNITNLCPF,TESIVRFPNI,VQPTESIVRF,VRFPNITNL",eXL30,22520,22576,surface glycoprotein,CASSPTSGGYNEQFF,TCRBV04-01,TCRBJ02-01,I,A*01:01,A*02:01
"FPNITNLCPF,QPTESIVRF,RFPNITNLCPF,TESIVRFPNI,VQPTESIVRF,VRFPNITNL",eXL30,22520,22576,surface glycoprotein,CASSYSYEQYF,TCRBV07-02,TCRBJ02-07,I,A*01:01,A*02:01
"FPNITNLCPF,QPTESIVRF,RFPNITNLCPF,TESIVRFPNI,VQPTESIVRF,VRFPNITNL",eXL30,22520,22576,surface glycoprotein,CASSIRSSYEQYF,TCRBV19-01,TCRBJ02-07,I,A*01:01,A*02:01
"FPNITNLCPF,QPTESIVRF,RFPNITNLCPF,TESIVRFPNI,VQPTESIVRF,VRFPNITNL",eMR16,22520,22576,surface glycoprotein,CASSLGVGTEAFF,TCRBV06-05,TCRBJ01-01,I,A*02:01:01,A*02:01:01
"FPNITNLCPF,QPTESIVRF,RFPNITNLCPF,TESIVRFPNI,VQPTESIVRF,VRFPNITNL",eXL30,22520,22576,surface glycoprotein,CASSSDRGGYNEQFF,TCRBV19-01,TCRBJ02-01,I,A*01:01,A*02:01
"FPNITNLCPF,QPTESIVRF,RFPNITNLCPF,TESIVRFPNI,VQPTESIVRF,VRFPNITNL",eXL27,22520,22576,surface glycoprotein,CASSLSGSYNEQFF,TCRBV28-01,TCRBJ02-01,I,A*02:01,A*03:01
"FGEVFNATRF,FNATRFASVY,GEVFNATRF,NATRFASVY",eOX52,22574,22615,surface glycoprotein,CASSLGSSNQPQHF,TCRBV07-06,TCRBJ01-05,I,A*02:01,A*24:02
"CFTNVYADSF,FTNVYADSF,FTNVYADSFV,KLNDLCFTNV,LNDLCFTNVY,NVYADSFVIR,VYADSFVIR",eEE226,22718,22771,surface glycoprotein,CASSIRGGNEQFF,TCRBV13-01,TCRBJ02-01,I,A*01:01,A*02:01
"CFTNVYADSF,FTNVYADSF,FTNVYADSFV,KLNDLCFTNV,LNDLCFTNVY,NVYADSFVIR,VYADSFVIR",eEE226,22718,22771,surface glycoprotein,CASSTRGAYEQYF,TCRBV13-01,TCRBJ02-07,I,A*01:01,A*02:01
"GYQPYRVVVL,PYRVVVLSF,QPYRVVVL,QPYRVVVLSF",eLH51,23072,23107,surface glycoprotein,CASSYGSYGYTF,TCRBV06-05,TCRBJ01-02,I,A*24:07:01,A*34:01:01
"GYQPYRVVVL,PYRVVVLSF,QPYRVVVL,QPYRVVVLSF",eEE226,23072,23107,surface glycoprotein,CASAGISTDTQYF,TCRBV19-01,TCRBJ02-03,I,A*01:01,A*02:01
"GAEHVNNSY,IGAEHVNNSY",eQD127,23513,23542,surface glycoprotein,CASSSGNTEAFF,TCRBV19-01,TCRBJ01-01,I,A*02:01:01,A*03:01:01
"ASQSIIAYTM,RSVASQSII,SIIAYTMSL,SQSIIAYTM,VASQSIIAY",eLH48,23615,23659,surface glycoprotein,CASSLSSYNEQFF,TCRBV28-01,TCRBJ02-01,I,A*03:01:01,A*24:02:01
"AIPTNFTISV,AYSNNSIAIPTNF,IPTNFTISV,NSIAIPTNF",ePD79,23678,23728,surface glycoprotein,CASSLGGNTGELFF,TCRBV27-01,TCRBJ02-02,I,A*02:01:01,A*02:02:01
"AIPTNFTISV,AYSNNSIAIPTNF,IPTNFTISV,NSIAIPTNF",eOX43,23678,23728,surface glycoprotein,CASSLGGNTGELFF,TCRBV27-01,TCRBJ02-02,I,A*02:01,A*03:01
"AIPTNFTISV,AYSNNSIAIPTNF,IPTNFTISV,NSIAIPTNF",eEE226,23678,23728,surface glycoprotein,CASSLSSYNEQFF,TCRBV07-09,TCRBJ02-01,I,A*01:01,A*02:01
GTITSGWTF,eLH54,24200,24226,surface glycoprotein,CASSLYRGEKLFF,TCRBV12-03/12-04,TCRBJ01-04,I,A*02:01:01,A*03:01:01
"AEVQIDRLI,AEVQIDRLIT,VEAEVQIDRL,VQIDRLITGR",eLH54,24521,24562,surface glycoprotein,CASSLAGGSNQPQHF,TCRBV28-01,TCRBJ01-05,I,A*02:01:01,A*03:01:01
"GRLQSLQTY,LITGRLQSL,RLQSLQTYV",eOX52,24548,24586,surface glycoprotein,CASSFSSYEQYF,TCRBV28-01,TCRBJ02-07,I,A*02:01,A*24:02
"HLMSFPQSA,YHLMSFPQSA",eEE224,24701,24730,surface glycoprotein,CASSFGQGGEKLFF,TCRBV27-01,TCRBJ01-04,I,A*02:01,A*03:01
"FPQSAPHGV,FPQSAPHGVVF",eMR14,24716,24748,surface glycoprotein,CASSPVSYNEQFF,TCRBV03-01/03-02,TCRBJ02-01,I,A*03:01:01,A*24:02:01
"APHGVVFL,APHGVVFLHV,GVVFLHVTY,VVFLHVTYV",eAV93,24728,24766,surface glycoprotein,CASSQGNEQFF,TCRBV06-05,TCRBJ02-01,I,A*11:01,A*68:01
"APHGVVFL,APHGVVFLHV,GVVFLHVTY,VVFLHVTYV",eAM23,24728,24766,surface glycoprotein,CASSLTGAGYEQYF,TCRBV11-02,TCRBJ02-07,I,A*11:01:01,A*24:02:01
KEIDRLNEV,eHO134,25103,25129,surface glycoprotein,CASSLAGGPGNEQFF,TCRBV02-01,TCRBJ02-01,I,A*01:01:01,A*24:02:01
"QYIKWPWYI,YEQYIKWPW,YEQYIKWPWY",eEE240,25178,25210,surface glycoprotein,CASSLRSSYEQYF,TCRBV12-03/12-04,TCRBJ02-07,I,A*02:01,A*02:01
FIAGLIAIV,eXL27,25220,25246,surface glycoprotein,CASSQGTGELFF,TCRBV03-01/03-02,TCRBJ02-02,I,A*02:01,A*03:01
WICLLQFAY,eXL31,26613,26639,membrane glycoprotein,CASRTGSMNTEAFF,TCRBV27-01,TCRBJ01-01,I,A*02:01,A*29:02
"FAYANRNRF,LQFAYANRNR,YANRNRFLY",eHO135,26625,26663,membrane glycoprotein,CASSFGDEQFF,TCRBV27-01,TCRBJ02-01,I,A*03:01:01,A*31:01:02
"FAYANRNRF,LQFAYANRNR,YANRNRFLY",eJL162,26625,26663,membrane glycoprotein,CASSIFHTDTQYF,TCRBV19-01,TCRBJ02-03,I,A*01:01:01,A*02:01:01
"FLYIIKLIFL,FLYIIKLVFL,LYIIKLIFL,LYIIKLIFLW,RFLYIIKLIF,YIIKLIFLW,YIIKLIFLWL",eEE240,26652,26690,membrane glycoprotein,CASSQTGSTDTQYF,TCRBV07-02,TCRBJ02-03,I,A*02:01,A*02:01
"FLYIIKLIFL,FLYIIKLVFL,LYIIKLIFL,LYIIKLIFLW,RFLYIIKLIF,YIIKLIFLW,YIIKLIFLWL",eOX46,26652,26690,membrane glycoprotein,CASSPSGSEQFF,TCRBV05-04,TCRBJ02-01,I,A*02:01,A*02:01
"FLWLLWPVT,FLWLLWPVTL,LWLLWPVTL,LWPVTLACF,TLACFVLAAV,WLLWPVTLA,WPVTLACFVL",eOX43,26679,26732,membrane glycoprotein,CASSSGFYEQYF,TCRBV12-03/12-04,TCRBJ02-07,I,A*02:01,A*03:01
"FLWLLWPVT,FLWLLWPVTL,LWLLWPVTL,LWPVTLACF,TLACFVLAAV,WLLWPVTLA,WPVTLACFVL",eAV93,26679,26732,membrane glycoprotein,CASSIGVGEAFF,TCRBV19-01,TCRBJ01-01,I,A*11:01,A*68:01
"FLWLLWPVT,FLWLLWPVTL,LWLLWPVTL,LWPVTLACF,TLACFVLAAV,WLLWPVTLA,WPVTLACFVL",eOX46,26679,26732,membrane glycoprotein,CASSLVGTGELFF,TCRBV07-08,TCRBJ02-02,I,A*02:01,A*02:01
"FLWLLWPVT,FLWLLWPVTL,LWLLWPVTL,LWPVTLACF,TLACFVLAAV,WLLWPVTLA,WPVTLACFVL",eJL164,26679,26732,membrane glycoprotein,CASSTYNEQFF,TCRBV07-06,TCRBJ02-01,I,A*02:01:01,A*24:02:01
"FLWLLWPVT,FLWLLWPVTL,LWLLWPVTL,LWPVTLACF,TLACFVLAAV,WLLWPVTLA,WPVTLACFVL",eHO130,26679,26732,membrane glycoprotein,CASSLYSNQPQHF,TCRBV05-06,TCRBJ01-05,I,A*02:01,A*03:01
"FLWLLWPVT,FLWLLWPVTL,LWLLWPVTL,LWPVTLACF,TLACFVLAAV,WLLWPVTLA,WPVTLACFVL",eJL158,26679,26732,membrane glycoprotein,CASSTYNEQFF,TCRBV07-06,TCRBJ02-01,I,A*02:01:01,A*24:02:01
"FLWLLWPVT,FLWLLWPVTL,LWLLWPVTL,LWPVTLACF,TLACFVLAAV,WLLWPVTLA,WPVTLACFVL",eHO140,26679,26732,membrane glycoprotein,CASSSGFYEQYF,TCRBV12-03/12-04,TCRBJ02-07,I,,
"FLWLLWPVT,FLWLLWPVTL,LWLLWPVTL,LWPVTLACF,TLACFVLAAV,WLLWPVTLA,WPVTLACFVL",eEE228,26679,26732,membrane glycoprotein,CASSWTGTEAFF,TCRBV27-01,TCRBJ01-01,I,A*02:01,A*02:01
"FLWLLWPVT,FLWLLWPVTL,LWLLWPVTL,LWPVTLACF,TLACFVLAAV,WLLWPVTLA,WPVTLACFVL",eEE240,26679,26732,membrane glycoprotein,CASSLTSGNEQFF,TCRBV13-01,TCRBJ02-01,I,A*02:01,A*02:01
"FLWLLWPVT,FLWLLWPVTL,LWLLWPVTL,LWPVTLACF,TLACFVLAAV,WLLWPVTLA,WPVTLACFVL",eOX52,26679,26732,membrane glycoprotein,CASSQGNEQFF,TCRBV12-03/12-04,TCRBJ02-01,I,A*02:01,A*24:02
"FLWLLWPVT,FLWLLWPVTL,LWLLWPVTL,LWPVTLACF,TLACFVLAAV,WLLWPVTLA,WPVTLACFVL",eOX49,26679,26732,membrane glycoprotein,CASSLGQPQHF,TCRBV28-01,TCRBJ01-05,I,A*02:01,A*26:01
"FLWLLWPVT,FLWLLWPVTL,LWLLWPVTL,LWPVTLACF,TLACFVLAAV,WLLWPVTLA,WPVTLACFVL",eEE240,26679,26732,membrane glycoprotein,CASSLGQPQHF,TCRBV28-01,TCRBJ01-05,I,A*02:01,A*02:01
"MWSFNPETNI,SFNPETNIL,SMWSFNPET",ePD84,26844,26879,membrane glycoprotein,CASSLSSYNEQFF,TCRBV05-04,TCRBJ02-01,I,A*02:01,A*02:01
"SELVIGAVI,SELVIGAVIL",eOX43,26928,26957,membrane glycoprotein,CASSQGLAGSEQYF,TCRBV14-01,TCRBJ02-07,I,A*02:01,A*03:01
"SELVIGAVI,SELVIGAVIL",eXL27,26928,26957,membrane glycoprotein,CASSIYSTDTQYF,TCRBV27-01,TCRBJ02-03,I,A*02:01,A*03:01
"HLRIAGHHL,RIAGHHLGR",eLH42,26964,26996,membrane glycoprotein,CASSSGSYGYTF,TCRBV05-04,TCRBJ01-02,I,A*02:01:01,A*23:01:01
"HLRIAGHHL,RIAGHHLGR",eQD112,26964,26996,membrane glycoprotein,CASSAGSYGYTF,TCRBV05-04,TCRBJ01-02,I,A*24:02:01,A*29:02:01
"ATSRTLSYY,ATSRTLSYYK,TSRTLSYYK,TVATSRTLSY",eQD128,27027,27062,membrane glycoprotein,CASSLSAGETQYF,TCRBV11-02,TCRBJ02-05,I,A*02:10,A*11:01:01
"NATRFASVYAWNRKRISNC,RVQPTESIVRFPNITNLCP,SNCVADYSVLYNSASFSTF,VRFPNITNLCPFGEVFNAT,YAWNRKRISNCVADYSVLY",eLH57,22517,22693,surface glycoprotein,CASSGTGAGEQYF,TCRBV02-01,TCRBJ02-07,II,A*01:01:01,A*03:01:01
"FNCYFPLQSYGFQPTNGVG,GVGYQPYRVVVLSFELLHA,LHAPATVCGPKKSTNLVKN,SYGFQPTNGVGYQPYRVVV,TPCNGVEGFNCYFPLQSYG,VVVLSFELLHAPATVCGPK",eNL187,22994,23170,surface glycoprotein,CASSLGSYGYTF,TCRBV07-X,TCRBJ01-02,II,,
"AQVKQIYKTPPIKDFGGFN,CGDSTECSNLLLQYGSFCT,DKNTQEVFAQVKQIYKTPP,FCTQLNRALTGIAVEQDKN,LTGIAVEQDKNTQEVFAQV,NLLLQYGSFCTQLNRALTG",eLH57,23789,23965,surface glycoprotein,CASSETGLNTEAFF,TCRBV05-01,TCRBJ01-01,II,A*01:01:01,A*03:01:01
"GAGAALQIPFAMQMAYRFN,GLTVLPPLLTDEMIAQYTS,LICAQKFNGLTVLPPLLTD,LTDEMIAQYTSALLAGTIT,TITSGWTFGAGAALQIPFA,YTSALLAGTITSGWTFGAG",eAV100,24107,24283,surface glycoprotein,CASSYSYEQYF,TCRBV11-02,TCRBJ02-07,II,A*02:01:01,A*68:01:02
"GAGAALQIPFAMQMAYRFN,GLTVLPPLLTDEMIAQYTS,LICAQKFNGLTVLPPLLTD,LTDEMIAQYTSALLAGTIT,TITSGWTFGAGAALQIPFA,YTSALLAGTITSGWTFGAG",eAV100,24107,24283,surface glycoprotein,CASSQTYEQYF,TCRBV11-02,TCRBJ02-07,II,A*02:01:01,A*68:01:02
